Price,Age,KM,FuelType,HP,MetColor,Automatic,CC,Doors,Weight,log_KM
13500,23,46986,Diesel,90,1,0,2000,3,1165,10.757626246687856
13750,23,72937,Diesel,90,1,0,2000,3,1165,11.197365044189649
13950,24,41711,Diesel,90,1,0,2000,3,1165,10.638544136173284
14950,26,48000,Diesel,90,0,0,2000,3,1165,10.778977123006351
13750,30,38500,Diesel,90,0,0,2000,3,1170,10.55843949396453
12950,32,61000,Diesel,90,0,0,2000,3,1170,11.0186455364637
16900,27,94612,Diesel,90,1,0,2000,3,1245,11.457550166317423
18600,30,75889,Diesel,90,1,0,2000,3,1245,11.237040202397958
21500,27,19700,Petrol,192,0,0,1800,3,1185,9.888424674859083
12950,23,71138,Diesel,69,0,0,1900,3,1105,11.17239098861422
20950,25,31461,Petrol,192,0,0,1800,3,1185,10.35653574738245
19950,22,43610,Petrol,192,0,0,1800,3,1185,10.683064691094435
19600,25,32189,Petrol,192,0,0,1800,3,1185,10.379411124292854
21500,31,23000,Petrol,192,1,0,1800,3,1185,10.043292972227004
22500,32,34131,Petrol,192,1,0,1800,3,1185,10.437990639656476
22000,28,18739,Petrol,192,0,0,1800,3,1185,9.838415555792412
22750,30,34000,Petrol,192,1,0,1800,3,1185,10.434145214930487
17950,24,21716,Petrol,110,1,0,1600,3,1105,9.985850642961251
16750,24,25563,Petrol,110,0,0,1600,3,1065,10.148940390770173
16950,30,64359,Petrol,110,1,0,1600,3,1105,11.07224760110632
15950,30,67660,Petrol,110,1,0,1600,3,1105,11.122265222006739
16950,29,43905,Petrol,110,0,1,1600,3,1170,10.689806263983868
15950,28,56349,Petrol,110,1,0,1600,3,1120,10.939337519467923
16950,28,32220,Petrol,110,1,0,1600,3,1120,10.380373692872555
16250,29,25813,Petrol,110,1,0,1600,3,1120,10.158672259395132
15950,25,28450,Petrol,110,1,0,1600,3,1120,10.255938588321637
17495,27,34545,Petrol,110,1,0,1600,3,1120,10.45004704825323
15750,29,41415,Petrol,110,1,0,1600,3,1120,10.631422558581738
16950,28,44142,Petrol,110,0,0,1600,3,1120,10.695189643065287
17950,30,11090,Petrol,110,1,0,1600,3,1120,9.313889247604742
12950,29,9750,Petrol,97,1,0,1400,3,1100,9.18512512283512
15750,22,35199,Petrol,97,1,0,1400,3,1100,10.468801361586188
15950,27,29510,Petrol,97,1,0,1400,3,1100,10.292518354180867
14950,26,32692,Petrol,97,1,0,1400,3,1100,10.394916266691387
15500,22,41000,Petrol,97,1,0,1400,3,1100,10.62135173563291
15750,26,43000,Petrol,97,0,0,1400,3,1100,10.668978650219241
15950,25,25000,Petrol,97,0,0,1400,3,1100,10.12667110305036
14950,23,10000,Petrol,97,1,0,1400,3,1100,9.210440366976517
15750,32,25329,Petrol,97,1,0,1400,3,1100,10.13974474299572
14750,27,27500,Petrol,97,0,0,1400,3,1100,10.221977646629885
13950,22,49059,Petrol,97,0,0,1400,3,1100,10.80079931781248
16750,27,44068,Petrol,97,1,0,1400,3,1100,10.69351186640545
13950,22,46961,Petrol,97,0,0,1400,3,1100,10.757094043032893
16950,27,110404,Diesel,90,0,0,2000,5,1255,11.61191070165465
16950,22,100250,Diesel,90,0,0,2000,5,1255,11.515432320181409
19000,23,84000,Diesel,90,0,0,2000,5,1270,11.338583982516495
17950,27,79375,Diesel,90,1,0,2000,5,1255,11.28195133454083
15800,22,75048,Petrol,97,1,0,1400,5,1110,11.22589651252247
17950,22,72215,Diesel,90,1,0,2000,5,1255,11.18741690697799
21950,31,64982,Petrol,192,1,0,1800,5,1195,11.081880976209089
17950,22,62636,Diesel,90,1,0,2000,5,1255,11.045111436797486
15750,30,57086,Petrol,97,1,0,1400,5,1110,10.952331698970116
20500,26,56000,Petrol,110,1,1,1600,5,1180,10.933124826700707
21950,27,49866,Petrol,192,1,0,1800,5,1195,10.817114740324042
15500,25,49163,Petrol,110,0,1,1600,5,1165,10.802916927334872
13250,32,45725,Petrol,110,1,0,1600,5,1075,10.730422342894173
15250,28,43210,Petrol,97,0,0,1400,5,1110,10.673850371449209
15250,26,43000,Petrol,97,0,0,1400,5,1110,10.668978650219241
18950,23,39704,Petrol,110,1,1,1600,5,1180,10.589232403329312
15999,30,38950,Petrol,110,1,0,1600,5,1130,10.570059724910275
14950,22,37400,Petrol,97,1,0,1400,5,1110,10.529452721013085
16500,27,37177,Petrol,110,0,0,1600,5,1130,10.523472467467089
18750,31,36544,Petrol,110,1,0,1600,5,1130,10.506299656914493
17950,30,33511,Petrol,110,1,0,1600,5,1130,10.419658862626871
17950,27,32809,Petrol,97,1,0,1400,5,1110,10.398488625955148
16950,26,32181,Petrol,110,1,0,1600,5,1075,10.379162569019096
18950,28,30993,Petrol,110,1,0,1600,5,1130,10.34154891634728
14950,22,30400,Petrol,97,1,0,1400,5,1110,10.322230781590136
22250,22,30000,Diesel,110,1,0,2000,5,1275,10.308985993422082
15950,25,29719,Petrol,97,1,0,1400,5,1110,10.299575498831695
15950,28,29206,Petrol,97,1,0,1400,5,1110,10.282163685554078
12995,32,29198,Petrol,97,1,0,1400,5,1060,10.281889741094604
18950,28,28817,Petrol,110,1,0,1598,5,1130,10.268755470892879
15750,23,28227,Petrol,97,1,0,1400,5,1110,10.248069672120721
19950,28,28000,Petrol,110,0,0,1600,5,1130,10.239995502805316
16950,23,28000,Petrol,110,1,0,1600,5,1115,10.239995502805316
18750,31,25266,Petrol,110,1,0,1600,5,1130,10.137254475487468
18450,27,23489,Petrol,110,0,0,1600,5,1115,10.064330077652958
16895,29,22575,Petrol,110,1,0,1600,5,1115,10.024642674092595
14900,30,22000,Petrol,97,1,0,1400,5,1110,9.99884318585288
18950,25,20019,Petrol,110,1,1,1600,5,1180,9.90448705286921
17250,29,20000,Petrol,110,1,0,1600,5,1115,9.90353755128617
15450,25,17003,Petrol,97,1,0,1400,5,1110,9.741203889478681
17950,31,16238,Petrol,110,1,1,1600,5,1180,9.695171035465087
16650,25,15414,Petrol,97,1,0,1400,5,1110,9.64309634032025
17450,28,8537,Petrol,110,1,0,1600,5,1130,9.052282067317908
14900,30,7000,Petrol,97,1,0,1400,5,1100,8.853808274977197
17950,20,66966,Diesel,90,1,0,2000,3,1245,11.111955239723324
15950,19,51884,Petrol,97,1,0,1400,3,1100,10.85678501003938
21950,19,50005,Diesel,110,1,0,2000,3,1265,10.819898277210859
16450,20,48110,Petrol,97,1,0,1400,3,1100,10.781266120176918
22250,20,37500,Diesel,90,1,0,2000,3,1260,10.53212287826962
19950,16,34472,Diesel,90,1,0,1995,3,1260,10.447931687925744
15950,20,33329,Petrol,97,1,0,1400,3,1100,10.414213171301785
18900,20,31850,Petrol,110,0,0,1600,3,1120,10.368824057681683
19950,17,30351,Diesel,90,1,0,1995,3,1260,10.320617692174796
15950,19,29435,Petrol,97,1,0,1400,3,1100,10.28997369404649
15950,19,25948,Petrol,97,1,0,1400,3,1100,10.163888352206046
18750,11,24500,Petrol,110,1,0,1600,3,1120,10.106469212026385
17450,18,23902,Petrol,97,1,0,1400,3,1100,10.0817592530548
18990,20,23175,Petrol,110,1,0,1600,3,1120,10.050872539449186
16250,19,19200,Petrol,97,1,0,1400,3,1100,9.862717639992917
18500,13,18000,Petrol,71,0,0,1400,3,1125,9.798182590890704
18500,11,16123,Petrol,110,1,0,1600,3,1105,9.688064124237057
19450,11,14635,Petrol,110,1,1,1600,3,1155,9.591239526139097
16950,19,13748,Petrol,97,1,0,1400,3,1100,9.528721373177234
18800,14,11500,Petrol,110,1,0,1600,3,1045,9.350189267092581
17450,17,10000,Petrol,97,1,0,1400,3,1100,9.210440366976517
17950,20,7187,Petrol,110,1,0,1600,3,1105,8.88016824790345
32500,4,1,Diesel,116,0,0,2000,5,1480,0.6931471805599453
31000,4,4000,Diesel,116,1,0,2000,5,1480,8.294299608857235
31275,4,1500,Diesel,116,1,0,2000,5,1480,7.313886831633462
24950,8,13253,Diesel,116,1,0,2000,5,1320,9.492054672648171
24950,8,13253,Diesel,116,1,0,2000,5,1320,9.492054672648171
22950,7,10000,Diesel,116,1,0,2000,5,1270,9.210440366976517
24990,8,6000,Diesel,90,1,0,2000,5,1280,8.699681400989514
21950,8,10841,Diesel,90,1,0,2000,5,1270,9.291182759820284
17900,7,1,Petrol,110,1,0,1600,3,1105,0.6931471805599453
19250,20,63000,Diesel,90,1,0,2000,5,1255,11.050905878263567
22250,17,57313,Diesel,110,1,0,2000,5,1275,10.956300200957314
18950,13,57037,Petrol,110,0,0,1600,5,1115,10.951472991359848
19950,19,51099,Diesel,90,1,0,2000,5,1255,10.841539776191796
16350,14,40010,Petrol,110,1,0,1600,5,1115,10.596909695290504
18950,20,39115,Petrol,110,1,0,1600,5,1130,10.574286869432166
16950,17,36012,Petrol,110,0,0,1600,5,1130,10.491635263364433
21750,16,36000,Petrol,110,1,0,1600,5,1130,10.491301994830229
15950,20,36000,Petrol,110,1,0,1600,5,1075,10.491301994830229
16500,20,35000,Petrol,97,1,0,1400,5,1110,10.463131911491967
17950,17,33740,Petrol,97,1,0,1400,5,1135,10.426468994072131
15850,13,33477,Petrol,110,1,0,1600,5,1075,10.418643785662566
16250,20,32627,Petrol,97,1,0,1400,5,1110,10.39292609442047
15950,20,29797,Petrol,97,1,0,1400,5,1110,10.302196556147285
16250,19,29441,Petrol,97,1,0,1400,5,1110,10.290177505317958
15950,13,29371,Petrol,110,1,0,1600,4,1105,10.2877971185715
16500,20,29000,Petrol,97,0,0,1400,5,1110,10.275085591132715
16500,19,27821,Petrol,97,0,0,1400,5,1110,10.233582353619516
18450,19,27371,Petrol,97,0,0,1400,5,1135,10.217275872072388
16250,13,25170,Petrol,110,1,0,1600,5,1105,10.13344781717726
23000,11,25000,Diesel,116,1,0,2000,5,1320,10.12667110305036
19900,20,23000,Petrol,110,1,0,1600,5,1130,10.043292972227004
16450,20,22588,Petrol,97,1,0,1400,5,1110,10.025218341107275
23950,19,21684,Petrol,192,1,0,1800,5,1185,9.984376056269467
19950,13,21428,Petrol,110,1,0,1600,5,1130,9.972500423823082
18500,16,20629,Petrol,110,1,0,1600,4,1090,9.934501606065297
18950,15,20270,Petrol,110,1,0,1600,5,1130,9.916946572220285
16450,16,20105,Petrol,97,0,0,1400,5,1110,9.908773556965365
20500,20,20000,Petrol,110,0,1,1600,5,1165,9.90353755128617
24500,13,19988,Petrol,110,1,0,1600,5,1130,9.902937401230647
19450,19,18328,Petrol,110,0,0,1600,5,1130,9.816239783971849
20950,14,17896,Petrol,110,1,1,1600,4,1150,9.792388380017409
17200,20,17300,Petrol,97,1,0,1400,5,1110,9.758519582283522
19950,19,17038,Petrol,110,0,0,1600,5,1130,9.74326011321524
18450,10,13747,Petrol,97,1,0,1400,5,1110,9.528648637969724
19500,12,13634,Petrol,110,1,0,1600,5,1115,9.52039529527969
21750,13,13178,Petrol,110,1,0,1600,5,1130,9.486379932643889
16868,15,13157,Petrol,97,1,0,1400,4,1085,9.484785217645943
19500,16,13000,Petrol,110,1,0,1600,4,1105,9.472781556562168
18900,11,12500,Petrol,110,1,0,1600,5,1115,9.433563920090563
19750,17,11999,Petrol,110,1,0,1600,5,1130,9.392661928770137
19750,16,11754,Petrol,110,0,1,1600,5,1180,9.37203396097417
18950,16,11000,Petrol,110,1,0,1600,4,1105,9.305741456739435
20750,17,10000,Petrol,110,0,0,1598,5,1105,9.210440366976517
19600,9,7650,Petrol,110,1,0,1600,5,1115,8.942591637231851
19500,14,6500,Petrol,110,1,0,1600,4,1100,8.77971129020447
17650,11,6155,Petrol,97,1,0,1400,5,1110,8.72518249495877
19950,14,6000,Petrol,110,0,0,1600,5,1130,8.699681400989514
19950,14,5459,Petrol,110,1,0,1600,5,1130,8.605204068738951
20950,14,5278,Petrol,110,1,1,1600,4,1150,8.571491964823617
20500,12,5000,Petrol,110,1,0,1600,5,1130,8.517393171418904
17795,9,1,Petrol,98,1,0,1400,4,1065,0.6931471805599453
18245,9,1,Petrol,110,1,0,1600,5,1075,0.6931471805599453
23750,8,11000,Petrol,110,1,0,1600,5,1130,9.305741456739435
19500,8,10077,Petrol,97,1,0,1400,5,1110,9.218110109240543
18950,8,10000,Petrol,97,1,0,1400,5,1110,9.210440366976517
21950,8,9788,Petrol,110,1,0,1600,5,1130,9.18901458526143
19950,8,8574,Petrol,110,1,0,1600,5,1130,9.056606272034141
18950,8,7000,Petrol,110,0,0,1600,5,1115,8.853808274977197
19950,7,6250,Petrol,110,1,0,1600,5,1115,8.740496729931813
21950,8,5000,Petrol,110,1,0,1600,5,1130,8.517393171418904
22500,6,3000,Petrol,110,0,0,1600,5,1130,8.006700845440367
18500,7,2000,Petrol,110,0,0,1600,5,1075,7.601402334583733
18700,7,450,Petrol,97,1,0,1400,5,1110,6.111467339502679
21125,2,225,Petrol,97,1,0,1400,5,1110,5.420534999272286
21500,2,15,Petrol,110,1,0,1600,5,1130,2.772588722239781
17795,1,1,Petrol,98,1,0,1400,4,1100,0.6931471805599453
18245,1,1,Petrol,110,1,0,1600,5,1075,0.6931471805599453
6950,43,243000,Diesel,69,0,0,1900,3,1110,12.400820837540556
9500,38,180638,Diesel,90,0,0,2000,4,1160,12.104255843495713
11950,40,179860,Diesel,90,1,0,2000,5,1205,12.099939609332957
7750,43,178858,CNG,110,0,0,1600,3,1084,12.094353064919542
11950,40,161000,Diesel,69,1,0,1900,3,1105,11.989165855127435
4350,44,158320,Diesel,69,0,0,1800,5,1110,11.972379896577873
4750,44,131273,Diesel,69,1,0,1800,5,1110,11.785042020880399
11750,40,130062,Diesel,69,1,0,1900,5,1140,11.775774227434223
13250,41,123425,Diesel,69,1,0,1900,5,1140,11.72339706518053
11950,37,118217,Petrol,110,1,0,1600,5,1075,11.680285656624022
11900,44,110000,Diesel,69,1,0,1900,5,1095,11.608244735642321
14750,39,108847,Diesel,90,1,0,2000,5,1205,11.597707692584843
9950,42,105699,Petrol,97,1,0,1400,3,1025,11.568360171858329
11950,39,98823,CNG,110,1,0,1600,5,1119,11.501095769216649
11495,44,96829,Petrol,110,1,0,1600,5,1075,11.480712142605578
11250,40,96518,Petrol,97,1,0,1400,3,1025,11.477495159138261
10500,42,92204,Petrol,110,1,0,1600,5,1075,11.43176963800922
10450,35,91456,Diesel,69,1,0,1900,3,1110,11.423624195449495
12950,43,89968,Diesel,69,1,0,1900,5,1140,11.407220445533344
11500,44,89757,Petrol,110,1,0,1600,3,1045,11.404872438868356
12500,40,85389,Petrol,110,1,0,1600,5,1075,11.354984276901652
10950,43,85017,Petrol,97,0,0,1400,5,1060,11.350618277759356
11450,41,84312,Petrol,110,0,0,1600,5,1080,11.342291343251283
11950,37,82743,CNG,110,1,0,1600,5,1121,11.32350678305764
13250,41,81106,Diesel,69,1,0,1900,5,1140,11.303524549572323
14750,40,80425,Diesel,90,1,0,2000,5,1205,11.295092785974596
11790,34,78677,Petrol,110,1,1,1600,5,1105,11.27311885275948
11450,40,78425,Petrol,110,1,0,1600,5,1075,11.269910784013607
13500,33,78108,Diesel,90,1,0,2000,3,1170,11.265860566064319
10950,33,77321,Petrol,110,1,0,1600,5,1075,11.255733799516447
13500,33,75699,Diesel,69,0,0,1900,3,1105,11.23453343942554
10950,41,75697,Petrol,97,1,0,1400,3,1025,11.234507018997263
10950,44,74846,Petrol,97,1,0,1400,3,1025,11.223201308884223
12950,38,74319,Petrol,110,1,0,1600,5,1075,11.21613537348772
11950,43,74285,Petrol,110,1,0,1600,5,1075,11.215677787648746
12450,44,74172,Petrol,110,1,0,1600,5,1615,11.214155481532952
11950,40,73042,Petrol,110,1,0,1598,5,1075,11.198803587809808
14950,44,71793,CNG,110,1,0,1600,4,1067,11.181556186084919
12450,35,71200,Petrol,110,1,0,1600,5,1075,11.173262142245258
12950,38,67805,Petrol,110,1,0,1600,5,1075,11.124405965588206
11950,35,65988,Petrol,110,1,0,1600,3,1040,11.097243340451463
11690,34,65345,Petrol,97,1,0,1400,5,1060,11.087451508303742
12450,42,64564,Petrol,110,1,0,1600,5,1080,11.075427747280752
12750,36,63459,Petrol,97,1,0,1400,5,1060,11.058165065137187
11925,44,63451,Petrol,97,0,0,1400,3,1025,11.058038993528346
12950,33,62000,Petrol,110,1,0,1600,5,1075,11.034905792929415
11950,42,61300,Petrol,97,1,0,1400,3,1030,11.023551435004947
12900,41,61200,Petrol,110,1,0,1600,3,1045,11.021918808236205
11900,41,61000,Petrol,110,0,0,1600,5,1075,11.0186455364637
11650,38,60829,Petrol,110,1,0,1600,5,1075,11.015838367314752
10950,44,60500,Petrol,110,0,0,1600,5,1075,11.010415172807951
13950,35,59500,Diesel,69,1,0,1900,3,1110,10.993748398115178
13950,44,59000,Petrol,110,0,1,1600,5,1110,10.985309671896763
11950,40,58954,Petrol,110,1,0,1600,5,1080,10.984529720010773
10950,38,58798,Petrol,110,1,0,1600,5,1075,10.98188012693938
12450,38,58363,Petrol,110,1,0,1600,3,1055,10.974454540383913
11950,43,58277,Petrol,110,1,0,1600,3,1045,10.972979942630385
13500,33,57711,Diesel,90,1,0,2000,3,1165,10.96322040314332
11690,33,57269,Petrol,110,1,0,1600,5,1075,10.955532205387904
13500,39,56001,Petrol,110,1,0,1600,5,1075,10.933142683365261
11950,42,55968,Petrol,110,0,0,1600,3,1050,10.932553245011482
12900,39,55678,Petrol,110,1,0,1600,4,1030,10.927358335076908
13500,43,55539,Petrol,110,1,0,1600,5,1085,10.92485876086079
11750,42,55400,Petrol,110,0,0,1600,5,1075,10.922352923113982
11750,33,55350,Petrol,110,0,0,1600,5,1075,10.921450004820915
10850,43,54600,Petrol,110,0,0,1600,4,1030,10.907807476583594
11750,43,53773,Petrol,110,1,0,1600,5,1075,10.892545357961163
14950,42,53719,Petrol,110,1,1,1600,5,1105,10.891540650637173
9940,39,53644,Petrol,110,1,0,1600,5,1075,10.890143547070847
12900,42,53350,Petrol,110,0,0,1600,5,1075,10.884648000696686
13500,38,53000,Petrol,110,1,0,1600,5,1075,10.87806606028079
11750,44,52084,Petrol,97,1,0,1400,3,1025,10.86063227841855
11950,44,52000,Petrol,97,0,0,1400,3,1025,10.859018228147887
13450,33,51945,Petrol,110,1,0,1600,5,1075,10.857959996450335
11950,41,51732,Petrol,97,1,0,1400,3,1025,10.853851154743419
12495,39,50873,Petrol,110,1,0,1600,5,1075,10.837107266532058
13500,41,50856,Petrol,110,0,0,1600,4,1030,10.836773051786144
12750,40,50640,Petrol,110,1,0,1600,5,1075,10.832516803858471
12000,39,50000,Petrol,97,1,0,1400,5,1060,10.819798284210286
11950,38,49500,Petrol,110,1,0,1600,5,1075,10.809748150372926
12495,44,49332,Petrol,110,1,0,1600,5,1080,10.806348507298559
12450,34,49291,Petrol,110,1,0,1600,3,1040,10.805517075058013
14750,40,48952,Diesel,90,1,0,2000,5,1205,10.798615933108263
10950,39,48945,Petrol,110,0,0,1600,3,1040,10.798472928582948
13500,33,48928,Diesel,69,1,0,1900,3,1105,10.79812554671483
12950,38,48197,Petrol,110,1,0,1600,5,1075,10.783072805401867
13500,35,48052,Diesel,69,1,0,1900,3,1105,10.780059847413037
13450,34,48011,Petrol,110,1,0,1600,4,1030,10.779206258645235
13500,43,48000,Petrol,110,1,0,1600,5,1075,10.778977123006351
11480,41,47350,Petrol,110,1,0,1600,5,1075,10.765343217715396
13450,39,46821,Petrol,97,1,0,1400,5,1060,10.754108456920264
11495,39,46694,Petrol,110,0,0,1600,3,1040,10.751392371543819
12750,43,46515,Petrol,97,0,0,1400,5,1025,10.747551618412935
14990,38,46327,Petrol,110,1,0,1600,3,1055,10.743501808905625
12950,35,46304,Petrol,97,1,0,1400,5,1060,10.743005225604369
12950,40,45886,Petrol,110,1,0,1600,5,1080,10.73393713153216
12850,39,45713,Petrol,97,1,0,1400,5,1085,10.730159875701064
13950,40,45600,Petrol,110,1,1,1600,5,1105,10.727684925086583
11950,41,45287,Petrol,110,1,0,1600,5,1075,10.720797375716495
12950,39,45081,Petrol,110,1,0,1600,5,1075,10.716238332741906
11700,40,44830,Petrol,110,1,0,1600,5,1075,10.710655143391888
9950,37,44757,Petrol,97,0,0,1400,3,1025,10.7090254786751
11895,44,44218,Petrol,97,1,0,1400,5,1060,10.696909839954014
12950,43,43632,Petrol,110,1,0,1600,5,1075,10.683569023781297
12500,36,43427,Petrol,110,1,0,1600,3,1040,10.678859673351743
13875,39,43254,Petrol,110,1,0,1600,5,1075,10.674868112614474
10500,35,43000,Petrol,110,0,0,1600,3,1050,10.668978650219241
12295,33,42823,Petrol,110,1,0,1600,5,1075,10.664853972073217
13950,42,42560,Petrol,110,1,0,1600,5,1080,10.658693619980095
10950,38,41754,Petrol,110,0,0,1600,3,1040,10.63957448358733
12950,44,41499,CNG,110,1,0,1600,5,1103,10.63344870621879
12850,40,41339,Petrol,110,1,0,1600,5,1080,10.62958583323576
13995,35,41000,Petrol,110,1,0,1600,5,1075,10.62135173563291
13750,39,40000,Petrol,110,1,0,1600,3,1055,10.596659732783579
12750,37,39757,Petrol,110,1,0,1600,5,1075,10.590566357694467
12500,41,39659,Petrol,110,1,0,1600,3,1045,10.588098402073786
13950,43,39650,Petrol,110,0,0,1600,3,1055,10.587871447425917
11500,39,39524,Petrol,97,1,0,1398,3,1025,10.584688662077673
13950,44,39516,Petrol,97,1,0,1400,5,1060,10.58448623804925
11895,41,39439,Petrol,97,0,0,1400,5,1060,10.582535808716571
9950,44,39000,Petrol,97,1,0,1400,3,1025,10.571342565808699
13500,42,38932,Petrol,110,1,0,1600,3,1040,10.569597499027667
11450,37,38812,Petrol,97,0,0,1400,3,1025,10.566510521040522
12450,42,38665,Petrol,110,1,0,1600,5,1075,10.562715939892447
12950,40,38653,Petrol,110,1,0,1600,5,1080,10.562405541545413
13995,44,38461,Petrol,110,1,0,1600,5,1080,10.557426019870793
11750,42,38078,Petrol,97,0,0,1400,3,1025,10.547418228056287
11650,39,37782,Petrol,97,1,0,1400,5,1060,10.539614544996624
9950,43,37576,Petrol,97,0,0,1400,3,1030,10.534147440084249
13950,41,37533,Petrol,110,1,0,1600,5,1075,10.533002467851217
12950,44,37389,Petrol,110,1,0,1600,5,1080,10.529158567971159
10950,38,37320,Petrol,97,1,0,1400,3,1025,10.527311449886323
9900,42,37000,Petrol,97,1,0,1400,3,1025,10.518700218288165
11950,44,37000,Petrol,110,0,0,1600,4,1075,10.518700218288165
11990,40,36566,Petrol,110,0,0,1600,5,1090,10.506901473323946
10750,36,36269,Petrol,110,1,0,1600,5,1075,10.498746232276948
13950,37,36074,Petrol,110,1,1,1600,5,1075,10.493355383642072
11250,44,36066,Petrol,110,1,0,1600,3,1040,10.493133598827878
12950,39,34599,Petrol,110,1,0,1600,5,1075,10.451608961045816
11950,41,34000,Petrol,110,1,0,1600,5,1075,10.434145214930487
10950,42,33623,Petrol,97,1,0,1400,3,1025,10.422995376684952
12950,33,33591,Petrol,110,1,0,1600,5,1075,10.42204322236403
12950,35,33258,Petrol,110,1,0,1600,5,1075,10.412080686149404
11695,43,33113,Petrol,110,1,0,1600,5,1075,10.407711432667556
11000,41,33000,Petrol,110,1,1,1600,5,1075,10.404293143019792
13950,35,32941,Petrol,110,1,0,1600,5,1080,10.40250371834262
11950,38,32781,Petrol,110,0,0,1600,5,1075,10.397634863249305
11750,40,32532,Petrol,110,1,0,1600,3,1040,10.390010237778945
12400,34,32431,Petrol,97,1,0,1400,5,1060,10.38690086869178
12500,35,32000,Petrol,110,0,0,1600,3,1040,10.373522431293592
12900,33,31000,Petrol,110,1,0,1600,5,1075,10.34177474101152
12200,41,30989,Petrol,110,0,0,1600,3,1045,10.341419850781794
12750,43,30742,Petrol,110,1,0,1600,3,1040,10.333417605043806
11950,42,30190,Petrol,110,1,0,1600,5,1075,10.315299145703156
11900,41,29716,Petrol,116,1,0,1600,5,1075,10.299474551610182
11950,44,29716,Petrol,110,1,1,1600,3,1070,10.299474551610182
14950,42,29640,Petrol,110,0,0,1600,3,1055,10.296913817032536
11950,41,29056,Petrol,97,1,0,1400,5,1060,10.277014697108353
12950,33,28715,Petrol,110,1,0,1600,5,1075,10.265209737696374
14950,41,28571,Petrol,110,0,0,1600,5,1090,10.260182496274863
13450,40,28362,Petrol,110,1,0,1600,3,1040,10.252840757844124
13750,38,28150,Petrol,110,1,0,1600,5,1075,10.24533815691556
12950,43,27301,Petrol,110,1,0,1600,3,1040,10.214715238562922
12750,33,27240,Petrol,110,1,0,1600,5,1075,10.212478470309156
11895,39,27170,Petrol,97,1,0,1400,5,1060,10.209905507043057
9950,42,27141,Petrol,97,1,0,1400,5,1060,10.208837622641315
12450,38,26262,Petrol,110,1,0,1600,5,1075,10.175916383525095
12500,38,26000,Petrol,97,1,0,1400,5,1060,10.165890277802454
14950,43,25228,Petrol,110,1,0,1600,3,1045,10.135749405494865
13750,39,25062,Petrol,110,1,0,1600,5,1080,10.129147933974613
12695,39,24723,Petrol,110,1,1,1600,4,1060,10.115529710779164
14990,33,24650,Petrol,110,1,0,1600,3,1055,10.112572746599298
12750,43,24553,Petrol,110,1,0,1600,5,1080,10.108630052740786
14350,41,24475,Petrol,110,1,0,1600,5,1030,10.105448324582431
12950,39,24444,Petrol,110,1,0,1600,3,1040,10.104180975012746
11500,35,24011,Petrol,97,0,0,1400,3,1025,10.086308984371733
11950,41,24000,Petrol,97,1,0,1400,3,1025,10.085850775128717
13450,40,23616,Petrol,110,1,0,1600,5,1075,10.069722070677152
12900,38,22865,Petrol,110,1,0,1600,5,1075,10.037406370101916
10500,41,22780,Petrol,86,1,0,1300,5,1035,10.033682134193954
10950,35,21904,Petrol,97,0,0,1400,3,1025,9.994470200248
11950,41,21651,Petrol,97,0,0,1400,3,1025,9.982853107916869
11450,37,21500,Petrol,110,1,0,1600,5,1030,9.975854724662028
13250,44,21027,Petrol,110,1,0,1600,5,1080,9.953610161939338
10250,39,18500,Petrol,110,0,0,1600,4,1030,9.825580063659602
13995,35,18000,Petrol,110,1,0,1600,5,1075,9.798182590890704
11950,40,17051,Petrol,97,0,0,1400,5,1060,9.744022777885101
13250,33,16512,Petrol,97,1,0,1400,5,1085,9.711903228462988
12950,40,16325,Petrol,110,1,0,1600,5,1080,9.7005142080113
11750,38,16000,Petrol,97,1,0,1400,5,1060,9.680406499268875
11500,39,12000,Petrol,110,1,0,1600,5,1075,9.392745258631441
13500,43,10000,Petrol,97,1,0,1400,5,1060,9.210440366976517
6500,53,216000,Diesel,69,0,0,1900,3,1110,12.283038316285214
6400,51,198167,Diesel,69,0,0,1900,4,1095,12.196870434765374
7000,53,176000,Diesel,69,0,0,1900,3,1105,12.07824495582233
7750,54,174139,Diesel,72,1,0,2000,4,1100,12.067614852382606
8900,45,174000,Diesel,69,1,0,1900,5,1095,12.066816325306588
8500,55,150000,CNG,110,1,0,1600,3,1075,11.918397239722838
8950,54,149329,Diesel,72,1,0,2000,5,1135,11.913913901051314
9900,51,146736,Petrol,110,1,0,1600,5,1080,11.896397147735705
10250,53,143513,Diesel,69,0,0,1900,5,1140,11.87418787039866
9250,48,142130,CNG,110,0,0,1600,5,1119,11.864504446520591
7750,48,140700,Diesel,69,1,0,1900,5,1110,11.854392350397763
9450,54,138394,Diesel,69,1,0,1900,4,1095,11.837867194345474
7750,55,137000,Diesel,72,1,0,2000,5,1135,11.827743504053695
8250,52,135258,Diesel,69,1,0,1900,5,1140,11.814946737932889
9950,49,131364,Petrol,110,1,0,1600,5,1075,11.785734987299259
4450,56,129155,Diesel,69,0,0,1800,5,1110,11.768776255052298
9950,50,126110,Petrol,110,0,0,1600,3,1055,11.744917750503763
9000,48,119742,Petrol,110,1,0,1600,5,1080,11.693103058449772
9950,53,117913,Diesel,69,1,0,1900,5,1110,11.677710824174765
12450,47,117430,Diesel,90,1,0,2000,3,1165,11.673606206034355
10500,55,117175,Petrol,110,1,0,1600,4,1035,11.671432356998142
10750,54,115558,Petrol,110,1,0,1600,4,1035,11.657536501029403
8950,53,115113,Petrol,97,1,0,1400,3,1025,11.65367822067553
10500,54,115046,Diesel,69,1,0,1900,5,1140,11.653096019504241
5150,56,113997,Diesel,72,1,0,2000,5,1135,11.643936183363088
10950,49,107859,Petrol,97,0,0,1400,5,1060,11.588589368891219
9450,52,104805,Petrol,97,1,0,1400,3,1025,11.559866301138648
9950,54,103454,Petrol,110,1,0,1600,5,1075,11.546892014533501
10950,51,103018,Diesel,69,0,0,1900,5,1140,11.542668716219426
11900,47,102352,Petrol,110,1,0,1600,5,1080,11.536182901846974
9950,50,102030,Petrol,97,1,0,1400,5,1060,11.53303196766023
11950,54,101352,Petrol,110,0,0,1600,5,1080,11.526364751836734
7900,50,99865,Petrol,110,1,0,1600,4,1035,11.511584566367388
10950,52,99323,Petrol,110,1,0,1600,3,1055,11.506142512673396
8950,48,98100,Diesel,69,1,0,1900,5,1140,11.493752839181418
11950,51,98040,Petrol,110,0,0,1600,5,1080,11.493141037508432
10900,49,97600,Petrol,110,1,0,1600,3,1045,11.488643018250334
9950,55,97234,Petrol,110,0,0,1600,5,1080,11.484886007938982
9950,51,96135,Diesel,72,0,0,2000,3,1115,11.473519134591136
10950,54,96100,Petrol,110,1,0,1600,5,1080,11.473155000731508
8950,55,94401,Diesel,72,0,0,2000,3,1115,11.45531753834984
8950,55,94122,Petrol,86,1,0,1300,3,1015,11.452357716536472
10500,49,91340,Petrol,110,1,0,1600,3,1055,11.422355034785037
8950,53,90200,Petrol,97,0,0,1400,3,1025,11.409795792463761
9250,53,90097,Diesel,69,1,0,1900,5,1140,11.408653245791792
11500,48,89049,Petrol,97,1,0,1400,5,1060,11.396953288717807
9750,52,89000,Petrol,110,0,0,1600,5,1075,11.39640288460621
9950,45,87274,Petrol,110,1,0,1600,3,1040,11.376819331973238
11450,49,86221,Petrol,110,0,0,1600,3,1045,11.364680644506228
12500,54,84598,Petrol,110,0,0,1600,5,1075,11.345677725193484
10500,50,83567,Petrol,110,0,0,1600,5,1075,11.33341595067608
12950,50,83106,Petrol,110,1,0,1600,5,1075,11.327884213156308
12200,50,82805,Petrol,110,1,0,1600,3,1040,11.324255801516095
10950,50,82735,Petrol,97,1,0,1400,3,1030,11.323410094636003
10950,54,81905,Petrol,110,1,0,1600,5,1105,11.313327527231033
11290,49,80320,Petrol,110,1,1,1600,3,1070,11.293786385047257
10750,49,80090,Petrol,97,1,0,1400,3,1030,11.290918767193082
10895,53,79800,Petrol,110,0,0,1600,5,1075,11.287291314687705
11500,47,78785,CNG,110,1,0,1600,5,1119,11.27449059508706
9750,48,78600,Petrol,110,1,0,1600,5,1075,11.272139700982676
10250,55,77780,Petrol,110,0,0,1600,3,1040,11.261652464402612
12500,49,77648,Petrol,110,0,0,1600,4,1030,11.259953950193843
11950,54,77270,Petrol,110,1,0,1600,4,1035,11.255074002477121
10750,50,76167,Petrol,97,1,0,1400,5,1060,11.240696705965528
11450,46,75249,Petrol,110,1,0,1600,4,1035,11.228571182611121
11950,54,75231,Petrol,110,1,0,1600,5,1080,11.228331951339795
11750,48,75045,Petrol,110,1,0,1600,3,1055,11.225856537839764
10950,50,74849,Petrol,110,1,1,1600,4,1060,11.223241389847775
11950,55,74715,Petrol,110,1,0,1600,5,1080,11.221449538279193
10995,49,74656,Diesel,69,0,0,1900,3,1105,11.220659569502129
11450,56,74500,Petrol,97,0,0,1400,3,1025,11.218567827096358
8900,49,74494,Petrol,110,1,0,1600,5,1075,11.21848728802144
10500,50,73634,Petrol,110,0,0,1587,5,1075,11.206875735160262
11750,47,73403,Petrol,110,1,0,1600,5,1075,11.203733709030566
11450,49,73175,Petrol,97,1,0,1400,3,1030,11.2006227773362
12000,52,73000,Petrol,110,0,0,1600,3,1055,11.19822841866684
11950,50,72242,Petrol,110,0,1,1600,3,1070,11.187790715467797
9850,53,72000,Petrol,97,1,0,1400,3,1025,11.184435286790631
10950,54,71725,Petrol,110,1,0,1600,4,1035,11.180608582892493
10950,54,71276,Petrol,110,0,0,1600,5,1080,11.174328973716898
8695,50,70440,Diesel,69,1,0,1900,3,1105,11.162530758988646
10990,53,70239,Petrol,110,0,0,1600,3,1040,11.159673228308998
9500,55,69813,Petrol,97,1,0,1400,3,1025,11.153589841704278
11950,49,69659,Petrol,86,0,0,1300,3,1025,11.151381543919992
10750,46,69574,Petrol,97,0,0,1400,5,1065,11.150160586394092
8750,47,69000,Diesel,69,1,0,1900,5,1140,11.141876276228
8750,49,68565,Petrol,110,1,0,1600,4,1030,11.135552064028248
11450,55,68520,Diesel,72,1,0,2000,3,1115,11.134895546610604
9950,46,68414,Petrol,97,0,0,1400,3,1025,11.13334737781391
11950,56,66777,Petrol,110,0,0,1600,5,1090,11.10912896396261
13950,52,66527,Petrol,110,1,0,1600,5,1080,11.10537819065774
11250,54,66063,Petrol,110,1,0,1600,5,1090,11.098379248125871
10900,50,65471,Petrol,97,1,0,1400,5,1060,11.089377849311298
9750,56,65400,Petrol,97,1,0,1400,3,1025,11.088292827848269
9950,52,65170,Petrol,97,1,0,1400,3,1025,11.084769863692358
11950,56,65000,Petrol,110,1,0,1600,5,1075,11.082157933374816
10450,48,64193,Petrol,110,1,0,1600,3,1040,11.069665027366662
8950,54,64000,Petrol,97,1,0,1400,3,1025,11.06665398721974
10250,54,63792,Petrol,110,1,0,1600,5,1075,11.063398745445097
9930,53,63635,Petrol,110,1,0,1600,4,1035,11.06093462692513
10500,54,63135,Petrol,110,1,0,1600,3,1050,11.053046408822341
11950,54,63123,Petrol,110,1,0,1600,4,1035,11.052856324868022
11500,48,63000,Diesel,69,1,0,1900,5,1140,11.050905878263567
11500,55,63000,Petrol,110,0,0,1600,4,1035,11.050905878263567
11450,54,62987,Petrol,110,0,0,1600,5,1080,11.0506995110403
9900,56,62751,Petrol,110,0,0,1600,3,1050,11.046945728996073
9500,54,62519,Petrol,97,0,0,1400,3,1025,11.043241784535413
10500,50,62280,Petrol,97,1,0,1400,5,1060,11.039411682337978
10750,50,61672,Petrol,110,0,0,1600,5,1075,11.029601512821493
8950,54,61000,Diesel,69,0,0,2000,5,1140,11.0186455364637
12000,56,61000,Petrol,110,1,0,1600,3,1050,11.0186455364637
9940,53,60558,Petrol,110,1,0,1600,4,1105,11.011373375425459
10950,47,60348,Petrol,110,0,0,1600,4,1030,11.007899656380108
10750,54,60239,Petrol,110,1,0,1600,5,1075,11.006091862473776
9799,51,59000,Petrol,97,1,0,1400,3,1025,10.985309671896763
11750,51,58761,Petrol,97,0,0,1300,5,1060,10.981250666468277
11950,54,58745,Petrol,110,1,0,1600,4,1035,10.980978344582127
11250,52,58596,Petrol,110,1,0,1600,3,1045,10.97843877971537
11750,54,58530,Petrol,110,0,0,1600,5,1075,10.97731180739474
10950,55,58377,Petrol,110,1,0,1600,3,1050,10.974694385513637
11250,56,58142,Petrol,110,1,0,1600,5,1080,10.970660772368857
9950,53,57948,Petrol,97,1,0,1400,3,1025,10.967318592363615
9700,51,57645,Petrol,110,0,0,1600,5,1080,10.962076139074918
11950,47,57500,Petrol,110,1,0,1600,4,1105,10.959557617938563
9900,53,57475,Petrol,110,0,0,1600,3,1040,10.959122748349097
9990,55,56743,Petrol,110,0,0,1600,3,1045,10.946305202881923
9475,48,56675,Petrol,97,1,0,1400,3,1025,10.945106119684118
11500,54,55877,Petrol,110,1,0,1600,5,1075,10.930926021749713
11950,53,55500,Petrol,110,1,0,1600,4,1035,10.92415631759022
11500,55,54900,Petrol,97,1,0,1400,5,1060,10.91328684226798
10500,50,54465,Petrol,110,0,0,1600,5,1075,10.905331932762941
10900,46,53700,Petrol,97,1,0,1400,5,1060,10.891186902297498
11700,52,53561,Petrol,97,1,0,1400,5,1060,10.888595140407418
11900,51,53408,Petrol,110,1,0,1600,5,1080,10.885734550072973
13950,51,53268,Petrol,110,1,0,1600,5,1080,10.883109827442746
10950,49,53116,Petrol,97,1,0,1400,3,1025,10.880252306651878
10500,56,52448,Petrol,97,0,0,1400,3,1025,10.867596547865759
10750,55,52149,Petrol,97,1,0,1400,3,1085,10.861879460428918
11950,55,52141,Petrol,110,1,0,1600,5,1070,10.86172604501804
10000,56,52000,Petrol,97,0,0,1400,3,1025,10.859018228147887
10495,48,50967,Petrol,97,1,0,1400,5,1060,10.838953263796324
11450,50,50400,Petrol,110,0,0,1600,5,1080,10.827766295132466
9400,54,50000,Petrol,97,1,0,1400,3,1025,10.819798284210286
11950,51,50000,Petrol,86,1,0,1300,5,1045,10.819798284210286
9650,53,49969,Petrol,110,0,0,1600,5,1075,10.819178104338251
18950,49,49568,Petrol,110,1,0,1600,3,1105,10.8111209173191
11450,51,49473,Petrol,110,0,0,1600,3,1055,10.809202558038098
10250,52,49432,Petrol,110,1,0,1600,3,1050,10.808373496346844
11450,48,49417,Petrol,110,1,0,1600,3,1045,10.808070009278122
9950,54,49366,Petrol,97,1,0,1400,3,1025,10.807037463759448
10500,56,48731,Petrol,110,1,0,1600,3,1055,10.794091177474298
13750,54,48370,Petrol,110,1,0,1600,5,1080,10.786655739574796
9950,48,48071,Petrol,97,0,0,1400,3,1025,10.780455166013764
10250,54,47852,Petrol,110,1,0,1600,4,1030,10.775889090840558
10850,54,47768,Petrol,110,0,0,1600,3,1055,10.774132172524535
11895,52,47689,Petrol,110,0,0,1600,5,1075,10.77247701129227
12950,53,47451,Petrol,110,1,0,1600,3,1055,10.767473952780994
11950,50,47219,Petrol,110,1,0,1600,5,1080,10.762572810639504
10750,56,47211,Petrol,110,1,0,1600,5,1070,10.76240337654896
9550,54,46856,Petrol,97,0,0,1400,5,1060,10.754855689525833
10950,56,46500,Petrol,86,0,0,1300,5,1035,10.747229096720554
11750,52,46449,Petrol,110,1,0,1600,4,1035,10.746131744241984
10950,47,46391,Petrol,110,0,0,1600,5,1075,10.744882309556276
12450,54,46230,Petrol,110,1,0,1600,3,1055,10.741405847723883
10500,52,46029,Petrol,110,1,0,1600,4,1030,10.737048636811288
10900,50,46000,Petrol,97,0,0,1400,3,1025,10.736418414365376
12950,50,45900,Petrol,110,1,0,1600,5,1075,10.734242182303689
10950,47,45850,Petrol,97,0,0,1400,5,1060,10.733152287697589
12500,56,45336,Petrol,110,1,0,1600,5,1080,10.72187875513222
9950,55,44537,Petrol,97,0,0,1400,3,1025,10.704098036345602
10750,56,43700,Petrol,86,1,0,1300,3,1025,10.685126264117057
12500,48,43120,Petrol,97,1,0,1400,3,1030,10.671765396408588
10450,49,41710,Petrol,110,0,0,1600,3,1040,10.638520161969526
10750,52,41700,Petrol,97,1,0,1400,3,1025,10.638280388314705
12950,49,41636,Petrol,110,1,0,1600,5,1105,10.63674447402395
10995,50,41273,Petrol,97,0,0,1400,5,1060,10.627988040754069
11950,49,40836,Petrol,110,0,1,1600,3,1075,10.617343812185764
11250,50,40400,Petrol,97,1,0,1400,5,1060,10.606609816118151
11950,47,40361,Petrol,110,1,0,1600,5,1090,10.60564402725366
13750,54,40325,Petrol,86,0,0,1300,5,1045,10.60475170119802
11000,47,40000,Petrol,110,0,0,1600,5,1080,10.596659732783579
13500,50,39706,Petrol,110,1,0,1600,5,1080,10.589282773550448
10950,54,39291,Petrol,110,1,0,1600,3,1040,10.578776214794761
10750,54,39000,Petrol,97,0,0,1400,3,1025,10.571342565808699
8950,47,38900,Petrol,97,1,0,1400,3,1025,10.568775236216993
12950,51,38403,Petrol,110,0,0,1600,3,1055,10.555916899817515
9750,56,37461,Petrol,97,0,0,1400,3,1025,10.531082364855838
10900,54,37000,Petrol,97,1,0,1400,3,1025,10.518700218288165
10995,55,36406,Petrol,110,1,0,1600,4,1035,10.502516342828386
10750,48,36005,Petrol,97,1,0,1400,5,1065,10.491440870217568
10950,52,36000,Petrol,110,1,0,1600,5,1075,10.491301994830229
13000,49,36000,Petrol,110,0,0,1600,5,1080,10.491301994830229
12950,45,36000,Petrol,110,1,1,1600,3,1070,10.491301994830229
11500,52,35823,Petrol,110,0,0,1600,5,1075,10.486373338838536
10950,56,35230,Petrol,97,0,0,1400,3,1025,10.469681655831673
11710,48,35142,Petrol,110,0,0,1600,3,1055,10.467180730891574
9980,49,34890,Petrol,97,0,0,1400,3,1025,10.459984195277682
12250,51,34882,Petrol,110,1,0,1600,5,1075,10.45975488349865
11500,46,34000,Petrol,110,1,0,1600,5,1075,10.434145214930487
11950,56,33998,Petrol,110,0,0,1600,5,1080,10.434086391401058
11500,55,33230,Petrol,110,0,0,1600,3,1050,10.411238454185042
11900,46,33021,Petrol,110,1,0,1600,5,1080,10.404929284991777
11930,49,31999,Petrol,97,0,0,1400,3,1030,10.373491181781864
10500,52,31579,Petrol,97,0,0,1400,3,1025,10.360279287809632
8950,56,31000,Petrol,97,0,0,1400,3,1025,10.34177474101152
10450,46,30806,Petrol,97,1,0,1400,5,1060,10.335497215866404
10500,55,30461,Petrol,86,1,0,1300,5,1050,10.32423528417545
12950,50,29686,Petrol,110,1,1,1600,3,1075,10.298464518529904
9950,55,29650,Petrol,86,0,0,1300,3,1025,10.297251130669952
12900,52,29500,Petrol,110,1,0,1600,3,1055,10.292179440058462
9950,48,28656,Petrol,97,0,0,1400,3,1085,10.263153020397368
9950,55,27500,Petrol,97,1,0,1400,3,1025,10.221977646629885
10950,48,26938,Petrol,110,1,0,1600,3,1040,10.201330329750538
10950,53,26624,Petrol,97,0,0,1400,5,1060,10.189605903011726
9950,47,26221,Petrol,97,1,0,1400,3,1025,10.174354032059346
10950,50,22648,Petrol,97,1,0,1400,5,1060,10.02787097982616
10800,50,22500,Petrol,97,1,0,1400,3,1025,10.021315031649332
10500,56,19313,Petrol,97,0,0,1400,3,1025,9.868585500526864
10450,50,17619,Petrol,110,0,0,1600,4,1030,9.77678989949017
10600,51,17069,Petrol,97,1,0,1400,3,1025,9.745077815788486
10450,48,15000,Petrol,97,1,0,1400,3,1025,9.61587214452889
12950,50,10210,Petrol,97,0,0,1400,5,1065,9.231220849555537
11250,47,5309,Petrol,110,1,1,1600,3,1070,8.577347114235984
7500,50,1,Diesel,90,1,0,2000,3,1260,0.6931471805599453
8950,52,31000,Petrol,97,0,0,1398,3,1025,10.34177474101152
6950,58,205000,Diesel,72,1,0,2000,4,1100,12.230770136157428
7900,68,204250,Diesel,72,0,0,2000,3,1115,12.227104908671096
5950,68,194545,Petrol,86,0,0,1300,4,1000,12.178423917934051
7500,59,190900,Diesel,72,1,0,2000,3,1115,12.159510248044802
7500,62,183500,Diesel,72,1,0,2000,5,1140,12.119975396053194
6900,65,176184,Diesel,72,1,0,2000,3,1115,12.079289858326922
5751,67,174833,Diesel,72,0,0,2000,4,1100,12.071592231298496
6950,68,155720,Petrol,86,1,0,1300,3,1015,11.95582122348646
7950,67,155500,Petrol,110,1,0,1600,5,1050,11.954407441448915
7750,59,154783,Diesel,72,1,0,2000,3,1120,11.949785875622709
7950,64,154462,Diesel,72,1,0,2000,5,1135,11.947709864438849
8250,64,150585,Petrol,110,1,0,1600,3,1065,11.92228962853936
6250,67,149000,Diesel,90,1,0,2000,5,1135,11.91170829631447
9500,62,147636,Diesel,72,0,0,2000,5,1135,11.902511837240928
6900,59,144521,Diesel,72,1,0,2000,5,1135,11.881187024080848
8450,64,144000,CNG,110,1,0,1600,3,1065,11.87757552297847
7350,65,140168,Diesel,72,1,0,2000,3,1115,11.850604116437463
8950,68,140000,Petrol,110,1,0,1600,5,1085,11.849404844423074
6900,60,139800,Diesel,72,0,0,2000,3,1115,11.847975261832087
8950,59,137050,CNG,110,1,0,1600,3,1078,11.82810839831139
8750,61,136956,Petrol,110,0,0,1600,3,1065,11.82742228693006
7950,67,135337,CNG,110,1,0,1600,5,1120,11.815530632079865
8950,64,133769,Diesel,72,1,0,2000,3,1120,11.803877186289633
8950,58,133405,Diesel,72,1,0,2000,5,1135,11.801152388963446
8950,65,132807,Diesel,72,1,0,2000,5,1135,11.796659755173913
7950,64,132393,Diesel,72,0,0,2000,5,1135,11.793537604237645
7750,60,130270,Petrol,110,0,0,1600,3,1050,11.77737217502662
7500,59,130000,Diesel,72,1,0,2000,4,1135,11.775297421715827
8950,67,127000,Diesel,72,1,0,2000,5,1135,11.751950239425476
9800,67,126800,Diesel,72,0,0,2000,5,1135,11.750374207389497
9450,66,126452,Petrol,110,1,0,1600,5,1085,11.747625976609092
8950,62,125175,Diesel,116,0,0,2000,5,1150,11.737476025981893
8750,68,125000,Diesel,72,1,0,2000,3,1115,11.736077016252437
10500,61,123000,Diesel,72,0,0,2000,5,1135,11.719947764402807
7995,59,121626,Petrol,86,0,0,1300,5,1050,11.708714263340772
10450,64,120400,Petrol,110,0,0,1600,5,1090,11.698583117470207
9950,66,120000,Diesel,72,0,0,2000,4,1100,11.695255355062795
9950,68,119541,Petrol,110,0,0,1600,3,1055,11.691423053039692
8950,68,119500,Petrol,110,1,0,1600,5,1070,11.691080018519527
7950,68,119289,Petrol,110,1,0,1600,4,1035,11.68931278227599
10950,57,118833,Petrol,110,0,0,1600,3,1065,11.685482840250819
9950,64,118000,Diesel,72,1,0,2000,5,1150,11.678448377988165
8600,68,117955,Petrol,110,1,1,1600,4,1065,11.67806695255433
7250,65,117609,Petrol,86,0,0,1300,3,1015,11.675129344845082
6950,68,117000,Diesel,72,0,0,2000,3,1115,11.669937760751914
8000,64,116000,Petrol,86,0,0,1300,5,1045,11.661354090741
9950,58,115715,Petrol,110,0,0,1600,5,1070,11.658894192298385
9450,60,115191,CNG,110,1,0,1600,4,1079,11.654355580388106
7950,68,115071,Petrol,110,1,0,1600,3,1055,11.653313298391238
9450,63,115000,CNG,110,0,0,1600,3,1109,11.652696102959753
9950,64,114846,Petrol,110,1,0,1600,5,1075,11.651356086748658
6950,65,114383,Diesel,90,0,0,2000,3,1260,11.647316488006632
8250,59,113700,Petrol,110,1,0,1600,5,1065,11.641327474774709
9950,67,113118,Petrol,86,1,0,1300,3,1020,11.636195640921594
8250,59,112827,Petrol,86,1,0,1300,5,1040,11.633619814193239
9950,68,112116,Petrol,110,1,0,1600,5,1070,11.627298247874727
10500,66,112000,Petrol,110,1,0,1600,3,1065,11.626263078808801
7950,62,112000,Diesel,72,0,0,2000,4,1135,11.626263078808801
9750,65,111769,Petrol,110,0,0,1600,3,1065,11.624198467379657
9250,61,110853,Petrol,110,1,0,1600,5,1070,11.615969299192695
9500,68,110287,Petrol,110,1,0,1600,3,1050,11.610850405125433
9950,62,109547,Petrol,110,0,0,1600,5,1075,11.604118088353081
7750,63,109230,Petrol,110,0,0,1600,3,1050,11.601220184789732
9500,68,109150,Petrol,110,0,0,1600,5,1075,11.600487523640199
9950,67,108793,Petrol,110,1,0,1600,4,1035,11.5972114648245
9750,64,106784,Petrol,110,0,1,1600,3,1050,11.578572746206083
9750,58,105942,Petrol,86,0,0,1300,5,1040,11.570656492613374
5950,59,105000,Petrol,86,1,0,1300,3,1015,11.561725152903833
8500,62,105000,Petrol,86,0,0,1300,5,1040,11.561725152903833
8495,68,104299,Petrol,110,1,0,1600,5,1085,11.555026640988864
9250,67,104000,Petrol,86,0,0,1300,3,1020,11.552155793461898
6900,68,104000,Petrol,86,1,0,1300,3,1015,11.552155793461898
8950,58,103458,Petrol,86,1,0,1300,3,1025,11.546930677939558
9500,63,103400,Petrol,110,1,0,1600,5,1075,11.546369912189585
9250,63,102807,Petrol,86,0,0,1300,5,1055,11.540618449986978
9895,68,102494,Petrol,110,0,0,1600,5,1090,11.537569295882989
9950,57,102300,Diesel,72,1,0,2000,5,1135,11.535674727063007
7950,61,102106,Petrol,110,0,0,1600,3,1050,11.533776562037675
8750,68,101889,Petrol,110,1,0,1600,5,1075,11.53164907896833
8250,57,101791,Diesel,72,0,0,2000,3,1115,11.53068679454887
8950,63,101469,Petrol,110,1,0,1600,3,1065,11.52751846727313
8950,68,101001,Petrol,110,0,0,1600,5,1075,11.522895597607539
8950,61,100748,Petrol,110,0,0,1600,5,1070,11.520387554201358
8950,65,100550,Petrol,110,1,0,1600,5,1075,11.51842034045219
9450,67,99781,Petrol,110,1,0,1600,5,1085,11.510743085311162
8950,59,98658,Petrol,86,1,0,1300,3,1020,11.499424738916373
9250,65,98500,Petrol,110,1,0,1600,5,1075,11.49782197939291
8750,64,98291,Petrol,86,0,0,1300,4,1000,11.495697919303602
9950,61,97648,Petrol,110,1,0,1600,3,1065,11.489134695596988
9950,61,97425,Petrol,110,1,0,1600,5,1075,11.48684839446011
9900,65,97173,Petrol,86,0,0,1300,3,1015,11.484258464954843
8950,66,97046,Petrol,86,1,0,1300,4,1000,11.482950676218291
8950,67,96000,Petrol,110,1,0,1600,3,1050,11.472113887062386
12250,60,96000,Diesel,72,0,0,2000,4,1100,11.472113887062386
9250,67,95750,Petrol,110,1,0,1600,5,1070,11.469506350852585
10250,61,95147,Petrol,110,1,0,1600,3,1050,11.4631888530604
8950,68,95000,Petrol,110,0,0,1600,3,1050,11.461642696843066
7999,65,95000,Petrol,110,1,0,1600,3,1050,11.461642696843066
9900,66,94606,Petrol,110,0,0,1600,3,1065,11.457486748074087
8250,63,94504,Petrol,86,1,0,1300,4,1000,11.456408022135056
10500,65,93428,Petrol,110,1,0,1600,5,1075,11.444957068529465
8450,65,93408,Petrol,86,0,0,1300,3,1015,11.444742979317672
9900,68,93296,Petrol,110,1,0,1600,5,1090,11.443543231977637
10500,62,93098,Petrol,110,1,0,1600,5,1075,11.441418722068912
8500,67,92922,Diesel,72,1,0,2000,4,1100,11.439526472200448
9500,61,92498,Petrol,110,1,0,1600,3,1050,11.434953112631268
9450,65,92226,Petrol,110,0,0,1600,3,1065,11.432008208323529
9900,68,91505,Diesel,72,0,0,2000,3,1115,11.424159822884238
8250,64,91333,Petrol,110,1,0,1600,3,1050,11.422278395945531
8750,65,91246,Petrol,86,1,0,1300,3,1015,11.421325394191959
9500,58,91000,Petrol,110,1,0,1600,5,1075,11.418625774449596
8450,68,90727,Petrol,110,0,0,1600,3,1050,11.415621298495166
8490,62,90000,Petrol,110,0,0,1600,3,1050,11.407576060361786
8750,60,89576,Petrol,110,0,0,1600,4,1035,11.402853869582282
9750,64,89145,Petrol,86,1,0,1300,3,1025,11.398030754085015
9950,63,89000,Petrol,110,1,0,1600,5,1085,11.39640288460621
8500,68,88807,Petrol,110,0,0,1600,3,1050,11.394232015012483
8450,63,88685,Petrol,110,0,0,1600,5,1070,11.392857320440127
7900,62,88667,Petrol,110,1,0,1600,4,1040,11.392654336576648
8750,57,88480,Petrol,110,1,0,1600,3,1050,11.390543118681444
7950,61,88127,Petrol,86,0,0,1300,3,1015,11.386545582088326
6900,62,88000,Petrol,86,0,0,1300,3,1020,11.385103457032141
8150,65,87821,Petrol,86,1,0,1300,3,1015,11.383067317712001
10995,59,87654,Petrol,86,1,1,1300,5,1065,11.381163933787974
8900,59,86888,Petrol,110,1,0,1600,3,1050,11.37238672096279
9500,59,86871,Petrol,86,1,0,1300,5,1040,11.372191049896736
8950,68,86714,Petrol,110,1,0,1600,4,1035,11.370382158184686
11500,65,85889,Petrol,110,0,0,1600,3,1065,11.36082268676027
10450,62,85000,Petrol,110,1,0,1600,3,1050,11.350418300109132
10500,60,85000,Petrol,86,1,0,1300,3,1025,11.350418300109132
9250,68,84976,Petrol,110,1,0,1600,4,1035,11.350135910621557
10950,65,84558,Petrol,110,1,0,1600,5,1120,11.345204794551771
10450,62,84549,Petrol,110,0,0,1600,5,1075,11.345098354326726
9250,68,84482,Petrol,110,1,0,1600,5,1075,11.344305609673212
8750,62,83908,Petrol,110,1,0,1600,5,1070,11.337488157262413
8750,67,83560,Petrol,86,0,0,1300,3,1015,11.333332183047432
9800,68,83000,Petrol,107,1,1,1600,5,1100,11.326607934898927
8250,64,82723,Petrol,86,0,0,1300,3,1015,11.323265044472567
10450,62,82421,Petrol,110,1,0,1600,3,1065,11.31960767055326
9750,58,82254,Petrol,110,0,0,1600,5,1050,11.31757945705352
8950,61,82115,Petrol,110,1,0,1600,3,1055,11.315888160740498
7450,65,82000,Petrol,86,1,0,1300,3,1015,11.314486721293981
8450,68,81965,Petrol,86,1,0,1300,5,1035,11.314059806115543
8250,66,81250,Petrol,110,0,0,1600,3,1050,11.305298407808552
10950,65,81192,Petrol,110,1,0,1600,3,1065,11.30458431553719
8950,61,81170,Petrol,110,1,0,1600,4,1040,11.304313319501928
8750,66,81083,Petrol,86,0,0,1300,3,1015,11.303240933340176
10450,61,80714,Petrol,110,1,0,1600,5,1075,11.29867971059163
10950,57,80470,Petrol,110,0,0,1600,5,1085,11.295652150054389
8450,65,80439,Petrol,110,1,0,1600,4,1035,11.295266843886589
9950,59,80430,Petrol,110,1,0,1600,3,1065,11.295154952992526
9950,68,80426,Petrol,110,1,0,1600,3,1055,11.295105219687365
8750,62,80265,Petrol,86,0,0,1300,3,1015,11.29310139806636
9950,65,80153,Petrol,110,0,0,1600,5,1070,11.291705063217867
9500,68,80121,Petrol,110,0,0,1600,5,1070,11.29130575202436
8250,65,80086,Petrol,110,1,0,1600,4,1035,11.290868822756257
10950,62,80000,Petrol,110,0,0,1600,5,1075,11.289794413577894
7950,60,80000,Petrol,86,0,0,1300,5,1015,11.289794413577894
8250,65,80000,Petrol,86,1,0,1300,2,1015,11.289794413577894
9895,67,79858,Petrol,110,1,0,1600,4,1040,11.288017858625464
9130,67,79762,Petrol,86,1,0,1300,3,1015,11.28681501676689
10950,59,79660,Petrol,86,0,1,1300,5,1065,11.285535410008588
10500,60,79150,Petrol,110,1,0,1600,5,1075,11.279112699468135
8900,61,79000,Petrol,110,1,0,1600,3,1050,11.277215789596893
9500,57,78955,Petrol,86,1,0,1300,5,1045,11.276646014262878
10950,59,78750,Diesel,90,1,0,1975,5,1155,11.274046255019954
7950,68,78521,Petrol,86,0,0,1300,3,1015,11.271134119283536
7950,64,78356,Petrol,86,1,0,1300,3,1015,11.26903058648639
7950,65,78076,Petrol,86,1,0,1300,3,1015,11.265450798217678
9500,61,78063,Petrol,107,1,1,1600,5,1100,11.26528428205562
10950,67,77821,Petrol,110,1,0,1600,5,1075,11.262179446542401
9750,68,77695,Petrol,110,1,0,1600,4,1035,11.260559054979115
9750,65,77500,Petrol,110,1,0,1600,3,1050,11.258046118484
9450,63,77457,Petrol,110,1,0,1600,3,1055,11.257491132957457
8950,68,77029,Petrol,86,1,0,1300,3,1015,11.251950235347012
8950,68,77008,Petrol,86,1,0,1300,3,1015,11.251677577122404
8900,66,76791,Petrol,110,1,0,1600,5,1070,11.248855747043374
9950,61,76700,Petrol,86,1,0,1300,5,1035,11.247670025080003
8750,67,76569,Petrol,86,1,0,1300,3,1020,11.245960634107169
8950,59,76162,Petrol,110,1,0,1600,5,1075,11.240631059445754
8990,65,76155,Petrol,110,1,0,1600,4,1035,11.240539147077568
8950,61,75609,Petrol,86,1,0,1300,3,1015,11.233343828552316
8950,62,75569,Diesel,72,1,0,2000,3,1120,11.232814658014766
9950,67,75429,Petrol,110,1,0,1600,3,1065,11.230960352847676
9900,68,75000,Petrol,110,1,0,1600,5,1075,11.225256725762893
8950,65,75000,Petrol,86,0,0,1300,3,1015,11.225256725762893
8950,62,75000,Petrol,110,1,0,1600,5,1070,11.225256725762893
9500,66,74963,Petrol,107,0,1,1600,3,1085,11.22476327728157
7950,68,74889,Petrol,86,1,0,1300,3,1015,11.223775649243413
7750,68,74875,Petrol,110,0,0,1600,5,1070,11.22358869092122
8950,63,74747,Petrol,110,1,0,1600,5,1075,11.221877735042145
11950,60,74720,Petrol,110,1,0,1600,5,1085,11.221516456110812
8950,62,74457,Petrol,110,0,0,1600,5,1075,11.217990487006878
11950,60,74337,Petrol,86,0,0,1300,5,1035,11.216377540072607
8950,68,74308,Petrol,110,0,0,1600,3,1050,11.215987353921955
9950,64,74193,Petrol,110,0,0,1600,3,1050,11.214438563352228
8250,65,74179,Petrol,110,1,0,1600,3,1050,11.214249851043581
8995,67,73936,Petrol,86,1,0,1300,5,1050,11.210968658229577
9995,61,73894,Petrol,110,1,0,1600,3,1065,11.210400445648673
9250,64,73500,Petrol,110,1,0,1600,3,1050,11.205054290550551
10950,64,73376,Petrol,110,0,0,1600,5,1070,11.203365813999131
8900,64,73300,Petrol,86,1,0,1300,3,1015,11.202329530346486
9500,58,73172,Petrol,110,1,0,1600,5,1075,11.200581779447585
9950,58,72928,Petrol,110,1,0,1600,5,1075,11.197241644105853
7950,67,72880,Petrol,86,1,0,1332,3,1015,11.196583253025215
8250,63,72522,Petrol,110,1,0,1600,3,1050,11.19165903191167
9450,64,72000,Petrol,86,1,0,1300,3,1015,11.184435286790631
7950,57,72000,Petrol,86,0,0,1300,3,1015,11.184435286790631
9500,59,71366,Petrol,110,0,0,1600,3,1065,11.175590856613375
8950,65,71317,Petrol,110,0,0,1600,3,1050,11.174904028959086
10950,62,71000,Petrol,110,0,0,1600,5,1070,11.170449240431308
8950,60,70954,Petrol,110,0,0,1600,3,1050,11.169801152268638
9450,63,70908,Petrol,86,0,0,1300,5,1035,11.1691526438153
8000,58,70560,Petrol,110,1,0,1600,3,1050,11.164232862915847
9900,67,70552,Petrol,110,0,0,1600,5,1075,11.164119479410191
8950,62,70500,Petrol,110,1,0,1600,5,1035,11.163382173096926
10900,60,70453,Diesel,72,0,0,2000,5,1135,11.16271529357166
9450,59,70218,Petrol,110,1,0,1600,3,1050,11.159374208664028
8450,64,70116,Petrol,110,1,0,1600,4,1035,11.157920554320716
9500,65,70068,Petrol,110,1,0,1600,5,1075,11.157235749819899
10500,67,70000,Petrol,107,1,1,1587,3,1065,11.156264806643742
6950,68,70000,Petrol,86,1,0,1300,3,1015,11.156264806643742
9750,68,69103,Petrol,110,0,0,1600,4,1035,11.143367895200482
6950,58,69022,Petrol,86,1,0,1300,5,1035,11.142195061369517
9650,67,69000,Petrol,110,1,0,1600,3,1065,11.141876276228
9950,68,68865,Petrol,110,1,0,1600,3,1065,11.139917866410599
9250,58,68723,Petrol,86,0,0,1300,3,1025,11.137853762181857
8950,63,68453,Petrol,110,1,0,1600,5,1070,11.133917265824424
9900,63,68238,Petrol,86,0,0,1300,5,1050,11.130771527896405
10995,63,68153,Petrol,110,1,0,1600,5,1085,11.129525129459477
10500,65,68000,Petrol,110,0,0,1600,5,1075,11.127277689932466
8950,65,68000,Petrol,86,1,0,1300,3,1015,11.127277689932466
9750,67,67762,Petrol,110,1,0,1600,3,1065,11.123771602253786
10950,68,67146,Petrol,110,1,0,1600,5,1075,11.11463952485509
9750,67,67110,Petrol,86,1,0,1300,5,1035,11.114103243950224
9950,59,67010,Petrol,110,1,0,1600,3,1065,11.112612064001667
10500,65,67003,Petrol,110,1,0,1600,4,1035,11.112507598083578
10400,68,66785,Petrol,86,0,1,1300,3,1045,11.10924875672128
8800,68,66550,Petrol,86,0,0,1332,3,1010,11.105723850006383
10500,61,66259,Petrol,110,1,0,1600,3,1065,11.101341675853886
9250,62,66082,Petrol,110,0,0,1600,5,1070,11.098666806680072
7800,65,66000,Petrol,86,1,0,1300,3,1015,11.097425172408931
9950,61,66000,Petrol,110,0,0,1600,3,1050,11.097425172408931
10750,63,65896,Petrol,110,1,0,1600,3,1065,11.095848195933886
10950,67,65785,Petrol,110,1,0,1600,5,1075,11.094162328718074
9950,65,65513,Petrol,110,1,1,1600,4,1070,11.090019139242122
9950,59,65463,Petrol,110,1,0,1600,5,1070,11.089255652207218
8100,68,65400,Petrol,86,1,0,1300,4,1000,11.088292827848269
9250,60,65259,Petrol,110,1,0,1600,3,1050,11.086134570147312
7800,64,65000,Petrol,110,1,0,1600,3,1050,11.082157933374816
9000,68,65000,Petrol,110,0,0,1600,5,1070,11.082157933374816
8950,57,65000,Petrol,110,0,0,1600,4,1035,11.082157933374816
8950,62,64966,Petrol,86,0,0,1300,3,1020,11.081634727650705
9950,68,64950,Petrol,110,1,0,1600,5,1075,11.081388418439035
8500,60,64914,Petrol,110,1,0,1600,5,1070,11.080834000794354
7995,62,64797,Petrol,110,1,0,1600,5,1075,11.079030017666526
8750,65,64772,Petrol,110,1,0,1600,3,1050,11.078644128844024
9750,63,64690,Petrol,86,0,0,1300,3,1020,11.077377367258327
10950,65,64630,Petrol,110,0,0,1600,5,1070,11.07644945082794
9750,67,64613,Petrol,110,1,0,1600,5,1085,11.076186384556935
8200,60,64383,Petrol,86,0,0,1300,3,1015,11.072620434019356
8950,68,64000,Petrol,110,0,0,1600,5,1075,11.06665398721974
9500,66,63881,Petrol,86,0,0,1300,3,1015,11.06479291054266
10950,58,63870,Diesel,72,0,0,2000,5,1135,11.06462070323595
9750,66,63328,Petrol,86,0,1,1300,5,1065,11.056098639081055
9950,65,63000,Petrol,86,1,1,1300,5,1065,11.050905878263567
10450,61,63000,Petrol,86,0,1,1300,3,1050,11.050905878263567
9850,65,62396,Petrol,110,0,0,1600,3,1050,11.04127247627871
9450,62,62377,Petrol,110,1,0,1600,5,1075,11.04096792808962
10295,67,62316,Petrol,110,1,0,1600,3,1050,11.039989540746648
9750,68,62292,Petrol,110,1,0,1600,3,1065,11.039604338912175
8950,65,62225,Petrol,110,1,0,1600,3,1050,11.03852819781779
9900,68,62222,Petrol,110,0,0,1600,5,1075,11.038479985296988
8750,66,62135,Petrol,86,1,0,1300,5,1035,11.037080810099484
9950,58,62024,Petrol,110,1,0,1600,5,1075,11.035292808560001
8500,60,61977,Petrol,86,1,0,1300,3,1015,11.0345347623474
9950,62,61930,Petrol,110,1,0,1600,4,1035,11.033776141064779
10950,57,61682,Petrol,110,0,0,1600,3,1050,11.029763645186712
9795,68,61568,Petrol,110,1,0,1600,4,1035,11.027913776097217
8750,68,61504,Petrol,110,1,0,1600,4,1035,11.026873751302885
8250,65,61384,Petrol,110,1,0,1600,3,1050,11.02492078461494
9950,58,61343,Petrol,110,1,0,1600,5,1075,11.02425264584537
9950,62,61254,Petrol,110,0,0,1600,5,1075,11.022800757728271
10500,59,61166,Petrol,110,1,0,1600,3,1050,11.021363107385085
9750,62,61149,Petrol,86,1,0,1300,5,1040,11.021085141115318
11250,61,61144,Petrol,110,1,0,1600,5,1090,11.02100337162347
8900,59,61127,Petrol,110,1,0,1600,3,1050,11.020725305327403
7950,60,61100,Petrol,86,1,0,1300,3,1015,11.020283511637867
11500,68,61100,Petrol,110,1,0,1600,5,1075,11.020283511637867
9450,57,61000,Petrol,110,1,0,1600,3,1050,11.0186455364637
7995,65,60724,Petrol,86,1,0,1300,3,1015,11.014110753870373
10995,59,60708,Petrol,86,1,0,1300,5,1045,11.013847236237872
8950,61,60532,Petrol,110,1,0,1600,3,1050,11.01094394985813
8250,67,60000,Petrol,86,0,1,1300,4,1030,11.002116507732017
8950,66,60000,Petrol,86,1,0,1300,3,1015,11.002116507732017
8950,65,60000,Petrol,86,1,0,1300,3,1015,11.002116507732017
9500,62,59295,Petrol,86,0,0,1300,5,1035,10.990297129085086
7500,65,59264,Petrol,86,0,0,1300,3,1015,10.9897741915136
8950,63,59000,Petrol,110,0,0,1600,3,1050,10.985309671896763
9950,63,59000,Petrol,86,1,0,1300,5,1035,10.985309671896763
9750,65,59000,Petrol,110,0,0,1600,5,1075,10.985309671896763
9450,61,59000,Petrol,110,1,0,1600,5,1070,10.985309671896763
9950,65,59000,Petrol,110,0,0,1600,3,1050,10.985309671896763
9750,68,58860,Petrol,110,1,0,1600,3,1055,10.982934011109675
8950,65,58829,Petrol,110,0,0,1600,3,1050,10.982407207858502
8250,66,58654,Petrol,110,1,0,1600,5,1070,10.97942810193982
7750,65,58300,Petrol,86,1,0,1300,3,1015,10.97337452485014
8950,60,58269,Petrol,110,1,0,1600,3,1050,10.97284266013712
9950,64,58136,Petrol,110,1,0,1600,5,1075,10.970557573194359
9450,66,58113,Petrol,107,1,1,1600,3,1085,10.970161877668298
12950,67,58058,Petrol,110,1,0,1600,3,1065,10.96921501386846
9950,58,58000,Petrol,110,1,0,1600,3,1050,10.968215530759236
10495,62,58000,Petrol,110,1,0,1600,3,1065,10.968215530759236
7950,68,57565,Petrol,86,1,0,1300,5,1035,10.96068739462369
10500,63,57413,Petrol,107,0,1,1600,5,1115,10.958043455007317
8950,65,57374,Petrol,110,1,0,1600,5,1075,10.957363947362847
9900,62,57179,Petrol,110,1,0,1600,5,1075,10.953959465876302
9995,61,57169,Petrol,110,1,0,1600,3,1065,10.953784564258017
9950,63,57124,Petrol,110,1,0,1600,3,1065,10.952997128196506
9950,63,57000,Petrol,110,1,0,1600,3,1050,10.950824090522445
8250,67,57000,Petrol,110,0,0,1600,3,1050,10.950824090522445
9950,63,57000,Petrol,86,1,0,1300,5,1035,10.950824090522445
8950,59,56259,Petrol,86,0,0,1300,3,1015,10.937739082043848
10950,62,56209,Petrol,107,1,1,1600,3,1080,10.93684995599612
9250,67,56074,Petrol,86,0,0,1300,4,1000,10.934445359388409
9950,63,55942,Petrol,110,1,0,1600,5,1070,10.932088594206068
9995,57,55844,Petrol,86,1,0,1300,5,1045,10.930335274974928
8750,61,55747,Petrol,86,0,0,1300,3,1020,10.9285968142394
10950,58,55478,Petrol,86,0,0,1300,5,1045,10.923759849752987
10350,60,55085,Petrol,107,0,1,1600,5,1105,10.916650879371755
9950,65,55061,Petrol,110,1,0,1600,5,1070,10.916215102047069
8950,65,55000,Petrol,86,1,0,1300,3,1015,10.915106645867503
10950,57,55000,Petrol,110,0,0,1600,5,1075,10.915106645867503
10950,63,54936,Petrol,110,1,0,1600,5,1075,10.913942353134694
8950,68,54875,Petrol,110,1,0,1600,5,1070,10.912831373446055
8900,67,54847,Petrol,110,0,0,1600,3,1050,10.912321001957451
10250,60,54554,Petrol,110,1,0,1600,3,1065,10.906964646089198
9450,61,54125,Petrol,110,1,0,1600,5,1035,10.899069940884694
9250,61,54000,Petrol,110,1,0,1600,3,1055,10.896757843893464
10500,57,54000,Petrol,110,1,0,1600,5,1075,10.896757843893464
7350,58,54000,Petrol,86,0,0,1300,5,1035,10.896757843893464
10250,57,54000,Petrol,110,1,0,1600,3,1135,10.896757843893464
10250,62,53285,Petrol,110,1,0,1600,5,1075,10.88342891148656
11500,65,53053,Petrol,110,1,0,1600,5,1075,10.879065541765154
8950,68,53000,Petrol,110,1,1,1587,3,1075,10.87806606028079
7750,68,53000,Petrol,86,0,0,1300,3,1015,10.87806606028079
9500,64,52968,Petrol,110,1,0,1600,3,1050,10.877462115749834
8450,67,52800,Petrol,86,1,0,1300,3,1015,10.874285408908944
8950,57,52548,Petrol,110,0,0,1600,3,1050,10.869501346628315
8400,60,52487,Petrol,110,1,0,1600,4,1035,10.868339851024713
9250,66,52383,Petrol,86,0,0,1300,3,1015,10.866356480170861
8900,61,52112,Petrol,110,1,0,1600,4,1035,10.861169716770034
8750,58,51712,Petrol,110,0,0,1600,3,1050,10.85346447956508
10950,58,51421,Petrol,110,0,1,1600,5,1105,10.847821375434926
8950,61,51235,Petrol,86,1,0,1300,4,1000,10.844197688951027
8950,65,51000,Petrol,86,1,0,1300,3,1015,10.839600519357369
8895,61,50925,Petrol,110,1,0,1600,5,1070,10.838128877622877
9390,66,50806,Petrol,86,0,0,1300,3,1480,10.835789419349267
8750,59,50469,Petrol,110,1,0,1600,5,1070,10.829134379334308
9750,61,50173,Petrol,110,1,0,1600,5,1075,10.823252243221784
9950,62,50000,Petrol,110,1,0,1600,5,1075,10.819798284210286
10950,65,49942,Petrol,110,0,0,1600,3,1065,10.818637634116012
9900,67,49585,Petrol,110,0,0,1600,5,1085,10.811463814806197
9500,62,49258,Petrol,110,1,0,1600,4,1035,10.804847371021863
9950,61,49000,Petrol,110,0,0,1600,3,1050,10.799595985047786
9950,63,48738,Petrol,110,0,0,1600,5,1055,10.794234809939585
10500,62,47750,Petrol,86,1,0,1300,5,1040,10.773755288097965
9950,63,47612,Petrol,86,0,0,1300,3,1015,10.770861112175668
10495,68,47500,Petrol,86,1,0,1300,5,1035,10.768506042432708
9500,66,47237,Petrol,110,0,0,1600,3,1050,10.762953932412522
8500,58,47171,Petrol,86,1,0,1300,3,1015,10.76155577520986
10450,60,47060,Petrol,110,0,0,1600,4,1035,10.75919991152435
8950,65,47014,Petrol,86,1,0,1300,3,1015,10.758221978711177
9900,59,46929,Petrol,86,1,0,1300,3,1025,10.756412408788464
8900,63,46000,Petrol,86,0,0,1300,5,1035,10.736418414365376
8745,65,45681,Petrol,110,0,0,1600,3,1050,10.729459626208579
8750,65,45549,Petrol,86,1,0,1300,3,1015,10.726565902688105
10750,57,45000,Petrol,110,1,0,1600,5,1050,10.714439990727769
9750,57,45000,Petrol,110,1,0,1600,3,1050,10.714439990727769
8850,65,45000,Petrol,110,0,0,1600,5,1075,10.714439990727769
7950,66,45000,Petrol,86,1,0,1300,5,1035,10.714439990727769
9450,63,45000,Petrol,110,1,0,1600,4,1035,10.714439990727769
9950,61,45000,Petrol,107,0,1,1600,3,1085,10.714439990727769
8250,63,44944,Petrol,110,1,0,1600,4,1035,10.7131947990075
9950,61,44597,Petrol,86,0,0,1300,3,1015,10.705444293953349
9995,68,44458,Petrol,86,0,0,1300,3,1015,10.70232269513748
9950,59,43818,Petrol,110,0,0,1600,5,1070,10.687822792259214
10495,60,43426,Petrol,110,1,0,1600,5,1070,10.678836646467854
7950,58,43000,CNG,110,1,1,1600,4,1114,10.668978650219241
8950,68,43000,Petrol,110,1,0,1600,5,1035,10.668978650219241
9695,57,43000,Petrol,110,0,0,1600,5,1075,10.668978650219241
7750,64,43000,Petrol,86,0,0,1300,3,1015,10.668978650219241
9950,68,42750,Petrol,110,1,0,1600,3,1050,10.663147865904188
9950,67,42102,Petrol,110,1,0,1600,5,1075,10.64787427603904
9950,63,41586,Petrol,110,1,0,1600,5,1114,10.635542897411055
9900,64,41200,Petrol,110,0,0,1600,5,1070,10.626217806887722
10950,57,40214,Petrol,86,0,0,1300,3,1025,10.601995339338169
8950,60,40000,Petrol,86,1,0,1300,4,1000,10.596659732783579
8950,66,39222,Petrol,86,1,1,1300,3,1045,10.577018588410931
8250,66,39144,Petrol,110,1,0,1600,3,1050,10.575027979342014
10250,62,39000,Petrol,110,1,0,1600,5,1075,10.571342565808699
8750,61,38019,Petrol,110,1,0,1600,5,1070,10.54586761604242
9750,68,37759,Petrol,110,1,0,1600,5,1070,10.539005620259436
10950,61,37500,Petrol,110,0,0,1600,5,1085,10.53212287826962
10950,60,37111,Petrol,110,1,0,1600,3,1050,10.52169564643158
9750,62,37000,Petrol,86,0,0,1300,3,1015,10.518700218288165
8900,59,36954,Petrol,110,1,0,1600,3,1050,10.517456235218987
9500,60,36943,Petrol,110,0,0,1600,5,1070,10.517158531594276
9950,63,36923,Petrol,86,0,0,1300,5,1050,10.516617025110042
9950,66,36658,Petrol,110,0,0,1600,3,1050,10.5094142433348
8250,65,36000,Petrol,86,1,0,1300,3,1015,10.491301994830229
10450,65,36000,Petrol,110,1,0,1600,3,1065,10.491301994830229
10950,62,35512,Petrol,110,1,0,1600,3,1065,10.477654105612782
9250,65,35283,Petrol,86,1,0,1300,3,1015,10.471184882378658
8900,68,35000,Petrol,110,1,0,1600,3,1050,10.463131911491967
10900,57,35000,Petrol,86,1,0,1300,5,1045,10.463131911491967
9750,64,34114,Petrol,110,0,0,1600,3,1050,10.437492449249524
11950,58,34000,Petrol,110,0,0,1600,5,1075,10.434145214930487
7900,68,33847,Petrol,86,1,0,1300,4,1000,10.429635192399903
10900,57,33535,Petrol,110,0,0,1600,4,1035,10.420374767680714
10450,65,33000,Petrol,110,0,0,1600,3,1050,10.404293143019792
10950,59,32150,Petrol,110,1,0,1600,5,1085,10.378198833381107
9950,65,31588,Petrol,86,1,0,1300,3,1015,10.360564237707871
10750,60,31480,Petrol,110,1,0,1600,3,1065,10.357139468227567
9900,57,31307,Petrol,110,1,0,1600,5,1070,10.35162893492473
10750,68,31000,Petrol,110,1,0,1600,4,1035,10.34177474101152
10450,58,30634,Petrol,110,1,0,1600,5,1075,10.329898425159755
9450,68,30300,Petrol,86,1,0,1300,4,1000,10.318935994253193
10750,60,28500,Petrol,86,1,1,1300,3,1045,10.25769445336048
10950,60,28500,Petrol,110,0,0,1600,5,1075,10.25769445336048
10000,57,28000,Petrol,86,0,0,1300,3,1015,10.239995502805316
10500,68,26698,Petrol,110,0,0,1600,3,1055,10.192381390503432
12500,62,26000,Petrol,107,0,1,1600,3,1085,10.165890277802454
8950,62,25505,Petrol,86,1,0,1300,5,1035,10.146668997586845
10500,58,25000,Petrol,110,1,0,1600,5,1075,10.12667110305036
9245,66,22835,Petrol,110,1,0,1600,3,1050,10.036093517084149
10950,59,22705,Petrol,110,1,0,1600,5,1075,10.030384485724479
9500,63,22178,Petrol,86,1,0,1300,3,1015,10.00690117422521
10900,62,17345,Petrol,110,1,0,1600,3,1050,9.7611172112444
10950,67,15535,Petrol,86,1,1,1300,4,1030,9.650915190531107
9450,66,15110,Petrol,86,0,0,1300,5,1035,9.62317823441376
5900,73,232940,Diesel,72,0,0,2000,5,1172,12.358540481598403
6950,79,218118,Diesel,72,0,0,2000,5,1150,12.292796064397177
6000,78,217764,Diesel,72,1,0,2000,5,1135,12.291171778679738
5250,79,207114,CNG,110,1,0,1600,5,1114,12.241029473539205
4400,74,203254,Diesel,72,1,0,2000,3,1135,12.222216627353479
6750,77,200732,Diesel,72,1,0,2000,4,1100,12.2097309457824
8500,69,197501,Diesel,72,0,0,2000,5,1135,12.19350398985432
6150,80,194765,Diesel,72,0,0,2000,3,1120,12.179554116969365
6950,76,191620,Diesel,72,0,0,2000,5,1150,12.163274741853183
5750,76,183277,Diesel,72,0,0,2000,3,1115,12.118759404802452
8750,78,180378,Diesel,72,1,0,2000,4,1100,12.102815471852464
6500,70,178800,Diesel,72,0,0,2000,3,1115,12.094028734547074
5950,73,176177,Petrol,110,1,0,1600,5,1075,12.079250126573015
6500,78,176000,Petrol,86,0,0,1300,5,1035,12.07824495582233
10500,77,172980,Diesel,72,1,0,2000,5,1135,12.060937040858938
8500,77,170000,Diesel,72,0,0,2000,4,1100,12.04355959836804
7950,71,164000,Petrol,110,1,0,1600,3,1050,12.00762780434872
5800,78,161775,Petrol,86,1,0,1300,3,1015,11.99396794133118
6750,80,160000,Petrol,86,0,0,1300,3,1015,11.982935344196433
6950,78,159968,Diesel,72,0,0,2000,3,1115,11.982735325444008
5740,74,159908,Petrol,110,0,0,1600,3,1050,11.98236018241633
6550,73,158492,Petrol,86,0,0,1300,3,1015,11.973465707286358
8950,69,156204,Diesel,72,1,0,2000,3,1115,11.958924526118684
6750,73,156169,Petrol,86,1,0,1300,5,1035,11.958700436481891
7950,78,155210,Petrol,110,0,0,1600,3,1050,11.95254076050831
7950,69,155000,Diesel,72,0,0,2000,3,1115,11.951186847493476
7450,76,154900,Diesel,72,1,0,2000,5,1140,11.950541482162043
7750,70,151300,Diesel,72,1,0,2000,5,1150,11.927026509139932
6450,71,151000,CNG,110,1,0,1600,5,1094,11.92504173829169
7900,75,150000,Diesel,72,1,0,2000,3,1135,11.918397239722838
6900,69,146304,Diesel,72,1,0,2000,3,1115,11.893448762774183
5600,75,146197,Petrol,86,0,0,1300,3,1015,11.892717146313684
5950,77,145996,Petrol,110,0,0,1600,4,1035,11.891341352534155
6950,80,143560,Petrol,86,1,1,1300,3,1045,11.874515310965899
7950,71,139145,Diesel,73,0,0,2000,2,1115,11.843279020583264
8950,79,138500,Petrol,86,0,0,1300,5,1050,11.83863282480007
7950,74,137741,Diesel,90,1,0,2000,5,1135,11.833137649103627
9500,80,137178,Diesel,90,1,0,2000,5,1135,11.829041921334367
8600,76,134889,Diesel,72,1,0,2000,3,1115,11.812214910463725
5950,71,134660,Diesel,72,0,0,2000,5,1135,11.810515788181903
7750,73,134539,Petrol,110,0,0,1600,5,1070,11.809616831579596
7950,79,131500,Diesel,72,0,0,2000,5,1140,11.78676973513378
6950,77,131307,Petrol,110,1,0,1600,3,1050,11.785300987604622
7250,74,130025,Petrol,110,1,0,1600,3,1050,11.775489709440386
6500,78,130000,Petrol,86,0,0,1300,5,1015,11.775297421715827
7250,77,128960,Petrol,110,1,0,1600,5,1070,11.767265312052823
9250,80,128351,Petrol,110,1,0,1600,5,1070,11.76253176856978
8250,73,128006,Petrol,110,1,0,1600,3,1050,11.759840228906448
7250,71,127159,Diesel,72,1,0,2000,3,1115,11.753201415024739
5250,72,126478,Petrol,110,1,0,1600,4,1035,11.747831565463736
7900,77,126000,Petrol,110,1,0,1600,5,1050,11.744045122410057
6900,76,125778,Petrol,110,0,0,1600,3,1050,11.74228167767632
7900,75,125400,Petrol,110,0,0,1600,3,1050,11.73927188163082
7250,74,124910,Diesel,72,0,0,2000,5,1135,11.735356762692058
8450,70,124743,Petrol,110,1,0,1600,3,1050,11.734018916264722
7950,76,124591,Petrol,110,1,0,1600,5,1075,11.732799677816768
7950,74,124057,Petrol,110,1,0,1600,3,1050,11.728504477165497
6450,72,123403,Petrol,110,1,0,1600,3,1050,11.72321880483893
6650,75,123104,Petrol,110,1,0,1600,5,1070,11.720792928731921
7950,74,123077,Petrol,86,1,0,1300,3,1015,11.720573579710193
7250,80,122820,Petrol,86,0,0,1300,5,1040,11.718483289846661
7450,77,122290,Petrol,110,0,0,1600,3,1050,11.714158729433489
7950,74,121900,Petrol,110,1,0,1600,4,1035,11.710964518881163
7250,77,121545,Petrol,110,1,0,1600,5,1070,11.708048070934579
8250,71,120474,Diesel,72,1,0,2000,3,1115,11.699197541508534
8950,76,120263,Diesel,72,1,0,2000,5,1135,11.69744460530767
7750,74,120196,Petrol,110,1,0,1600,3,1050,11.696887342369116
8500,71,120000,Petrol,110,0,0,1600,5,1085,11.695255355062795
7750,78,120000,Petrol,110,0,0,1600,5,1075,11.695255355062795
5750,73,115877,Petrol,110,0,0,1600,4,1035,11.660293192500655
6900,76,115345,Petrol,110,1,0,1600,5,1070,11.655691585930848
6500,71,115157,Petrol,110,1,0,1600,3,1050,11.654060377433932
6500,78,115000,Petrol,107,1,1,1600,5,1100,11.652696102959753
7600,77,114258,Petrol,86,1,0,1300,5,1050,11.646223080270962
8950,73,112963,Diesel,72,1,0,2000,5,1135,11.634824462864994
7450,74,112307,Petrol,110,1,0,1600,5,1070,11.629000375945257
7350,72,112000,Petrol,86,1,0,1300,3,1015,11.626263078808801
7750,73,111602,Petrol,86,1,0,1300,3,1015,11.62270321028847
7460,80,111392,CNG,110,0,0,1598,3,1083,11.620819767876242
9250,76,110901,Petrol,110,1,0,1600,5,1085,11.616402207440947
7250,80,110887,Petrol,110,1,0,1600,3,1055,11.616275961893189
6500,72,110634,Petrol,86,1,0,1300,3,1015,11.613991773705031
6800,80,110000,Petrol,110,1,0,1600,4,1035,11.608244735642321
8700,75,109540,Petrol,110,0,0,1600,5,1085,11.604054187381308
7500,78,109263,Petrol,110,0,0,1600,5,1070,11.60152225120087
7750,71,107516,Petrol,110,1,0,1600,3,1050,11.585404253582
7950,73,107108,Petrol,110,1,0,1600,3,1050,11.58160228651866
9950,75,107000,Petrol,110,1,0,1600,3,1050,11.580593459194764
6640,74,106250,Petrol,110,0,0,1600,5,1070,11.573559498507079
8750,71,106150,Petrol,86,0,0,1300,3,1015,11.572617887718211
7750,72,106108,Petrol,110,1,0,1600,3,1050,11.572222146640776
5950,72,105856,Petrol,86,0,0,1300,3,1015,11.569844405694335
6750,77,105152,Petrol,86,0,0,1300,3,1015,11.563171711394325
6500,80,105135,Petrol,110,1,0,1600,3,1050,11.563010029137649
8750,76,104344,Petrol,110,1,0,1600,3,1050,11.555457995688931
7950,74,104150,Petrol,110,1,0,1600,3,1050,11.55359704817927
6750,74,104000,Petrol,86,1,0,1300,3,1010,11.552155793461898
7950,73,103121,Petrol,86,1,0,1300,5,1035,11.543668032304742
7950,80,102300,Petrol,86,1,0,1300,3,1015,11.535674727063007
8950,75,102005,Petrol,107,1,1,1600,5,1105,11.532786914065785
7750,77,102000,Petrol,86,1,0,1300,3,1015,11.532737896139919
6450,75,101855,Petrol,110,1,0,1600,5,1070,11.531315330081819
6900,74,101773,Petrol,110,0,0,1600,3,1050,11.530509947727232
8450,75,101159,Petrol,110,1,0,1600,5,1085,11.524458700783901
6750,74,101000,Petrol,86,0,0,1300,3,1015,11.522885696764481
8050,74,100732,Petrol,86,1,1,1300,4,1030,11.520228731080348
9500,79,100719,Petrol,110,0,0,1600,5,1070,11.52009966871823
7750,78,100487,Petrol,110,0,0,1600,4,1035,11.517793596367088
8500,80,100458,Petrol,110,0,0,1600,5,1085,11.51750496304386
7795,75,100192,Petrol,110,1,0,1600,3,1050,11.514853604913117
6490,80,100123,Petrol,110,1,0,1600,3,1050,11.51416469680518
7950,73,99971,Petrol,110,1,0,1600,3,1050,11.51264542576291
6425,79,99397,Petrol,86,0,0,1300,5,1035,11.506887271717895
8950,69,99374,Petrol,86,1,0,1300,5,1035,11.506655851956634
6950,72,99245,Petrol,110,1,0,1600,5,1114,11.505356895470277
8750,79,98742,Petrol,110,0,0,1600,5,1085,11.500275794174883
8450,71,98154,Petrol,110,1,0,1600,3,1050,11.494303140842133
7950,77,98000,Petrol,110,1,0,1600,5,1065,11.49273296168228
7950,80,97548,Petrol,86,0,0,1300,5,1035,11.488110094845458
8900,78,97534,Petrol,110,1,0,1600,5,1070,11.487966566929034
8950,73,97494,Petrol,110,1,0,1600,5,1085,11.487556373619688
8900,73,97085,Petrol,110,1,0,1600,5,1085,11.483352462627863
7950,69,97000,Petrol,110,0,0,1600,4,1035,11.48247656671073
6495,74,96302,Petrol,86,1,0,1300,3,1015,11.475254749948958
7250,78,96000,Petrol,86,1,0,1300,3,1015,11.472113887062386
9250,74,96000,Petrol,110,1,0,1600,5,1085,11.472113887062386
6650,78,95909,Petrol,110,1,0,1600,5,1070,11.471165530721997
6990,79,95700,Petrol,110,0,0,1600,5,1085,11.468984026707245
7750,78,95651,Petrol,110,1,0,1600,5,1070,11.468471884215923
6950,79,95000,Petrol,86,1,0,1300,5,1035,11.461642696843066
7250,80,94447,Petrol,110,0,0,1600,3,1050,11.45580469748047
9950,80,94079,Petrol,110,1,0,1600,5,1085,11.451900763132453
9250,80,93841,Petrol,110,0,0,1600,5,1070,11.449367795973217
7200,79,93090,Petrol,86,1,0,1300,5,1035,11.441332788345242
8250,72,93066,Petrol,110,1,0,1600,5,1075,11.441074942857721
8950,79,93039,Petrol,110,1,0,1600,3,1050,11.440784787192547
8250,77,93000,Petrol,110,1,0,1600,5,1075,11.440365524765756
6250,80,92830,Petrol,86,1,0,1300,3,1015,11.438535914715576
9900,80,92255,Petrol,107,0,1,1600,5,1105,11.432322600438129
7300,80,92096,Petrol,86,1,0,1300,5,1035,11.430597648422975
8950,72,91921,Petrol,86,1,0,1300,3,1020,11.428695670336413
6500,70,91900,Petrol,86,1,0,1300,3,1015,11.428467189677395
7950,78,91399,Petrol,110,1,0,1600,5,1070,11.42300075744224
7450,75,91082,Petrol,110,1,0,1600,3,1050,11.419526457711646
7950,71,90370,Petrol,86,1,0,1300,5,1035,11.4116786984539
8500,78,90345,Petrol,86,1,0,1300,5,1035,11.41140202276584
6950,77,90305,Petrol,86,1,0,1300,3,1015,11.410959182380418
7950,78,90011,Petrol,86,0,1,1300,3,1045,11.407698273757637
6750,77,90000,Petrol,86,1,0,1300,3,1015,11.407576060361786
8450,70,89983,Petrol,110,0,0,1600,3,1055,11.407387155730282
7500,78,89953,Petrol,110,0,0,1600,5,1114,11.407053707539484
8750,74,89800,Diesel,72,1,0,2000,3,1115,11.405351390085748
8750,79,89739,Petrol,86,1,0,1300,5,1035,11.404671879529975
8950,76,89520,Petrol,110,1,0,1600,3,1050,11.40222851361153
7450,75,89507,Petrol,86,0,0,1300,3,1015,11.402083285743164
9200,69,89096,Petrol,110,1,0,1600,5,1085,11.397480942858383
8950,74,88700,Petrol,110,1,0,1600,3,1050,11.39302644219128
7850,72,88500,Petrol,110,1,0,1600,5,1075,11.390769130367211
6950,73,88186,Diesel,72,1,0,2000,3,1115,11.387214838841322
7200,75,88000,Petrol,110,1,0,1600,3,1050,11.385103457032141
7450,78,87743,Petrol,110,0,0,1600,3,1055,11.382178762921987
6750,75,87613,Petrol,86,0,0,1300,3,1015,11.380696081506649
7500,73,87358,Petrol,110,1,0,1600,3,1050,11.377781344026769
7450,72,87083,Petrol,110,0,0,1600,4,1035,11.374628449066137
7950,70,87000,Petrol,110,1,0,1600,4,1035,11.373674891823535
7250,78,87000,Petrol,110,1,0,1600,4,1035,11.373674891823535
7950,73,87000,Petrol,86,1,0,1300,3,1015,11.373674891823535
8250,80,87000,Petrol,86,1,0,1300,3,1015,11.373674891823535
8250,72,86860,Petrol,110,0,0,1600,5,1075,11.372064418801726
6750,80,86109,Petrol,110,1,0,1600,3,1055,11.36338082769021
8750,79,86000,Petrol,86,1,0,1300,5,1040,11.362114203075018
8950,80,86000,Petrol,110,0,0,1600,3,1050,11.362114203075018
8500,70,85864,Diesel,72,1,0,2000,5,1135,11.360531574417962
8250,80,85565,Petrol,110,0,0,1600,5,1070,11.357043286964823
9450,70,85470,Petrol,107,0,1,1600,3,1080,11.35593241610332
7950,73,85200,Petrol,110,1,0,1600,3,1050,11.352768449837729
7900,70,85000,Petrol,110,1,0,1600,3,1055,11.350418300109132
8500,73,84988,Petrol,110,1,0,1600,3,1050,11.350277115333324
8250,79,84966,Petrol,110,0,0,1600,5,1070,11.350018224795502
8250,76,84472,Petrol,110,1,0,1600,5,1070,11.344187235658536
8950,73,84402,Petrol,110,1,0,1600,4,1035,11.343358224976036
7950,74,84123,Petrol,110,0,0,1600,3,1050,11.34004717980357
6950,80,84000,Petrol,110,0,0,1600,5,1075,11.338583982516495
7250,78,84000,Petrol,110,1,0,1600,5,1065,11.338583982516495
7750,77,84000,Petrol,110,1,0,1600,5,1085,11.338583982516495
8700,75,83850,Petrol,110,1,0,1600,3,1055,11.336796693238679
8950,80,83540,Petrol,110,1,0,1600,5,1070,11.333092808293145
6750,76,83405,Petrol,110,1,0,1600,5,1070,11.331475528205148
7500,71,83291,Petrol,110,1,0,1600,5,1070,11.330107785127584
7950,69,83133,Petrol,86,0,0,1300,3,1015,11.328209042774
8950,71,83047,Petrol,86,1,1,1300,3,1045,11.327174032873081
7950,71,82700,Petrol,110,0,0,1600,3,1050,11.322986972837104
7450,78,82675,Petrol,86,0,0,1300,3,1015,11.322684633331727
5950,78,82595,Petrol,86,1,0,1300,3,1015,11.321716532186365
7750,75,82256,Petrol,110,1,0,1600,3,1050,11.317603771389255
6950,77,82103,Petrol,86,1,0,1300,3,1015,11.31574201532555
8750,80,82021,Petrol,86,1,0,1300,5,1035,11.314742782945272
8950,71,82000,Petrol,110,1,0,1600,5,1075,11.314486721293981
7495,79,81988,Petrol,110,1,0,1600,5,1070,11.314340370906502
7750,76,81930,Petrol,110,0,0,1600,5,1070,11.31363270860269
6950,70,81663,Petrol,110,0,0,1600,3,1050,11.310368547264407
7990,77,80486,Petrol,110,1,0,1600,5,1070,11.2958509596824
7250,78,80000,Petrol,110,1,0,1600,4,1065,11.289794413577894
6900,69,79000,Petrol,86,0,0,1300,3,1015,11.277215789596893
7750,74,78894,Petrol,110,0,0,1600,5,1070,11.27587313346977
7250,78,78689,Petrol,110,0,0,1600,4,1035,11.273271361529028
8950,77,78435,Petrol,86,0,0,1300,3,1015,11.270038284619407
8500,71,78260,Petrol,110,0,0,1600,3,1050,11.267804673602521
7950,72,78120,Petrol,110,1,0,1600,5,1075,11.266014185727938
6950,77,77000,Petrol,86,0,0,1300,3,1015,11.251573687764477
8000,78,77000,Petrol,110,0,0,1600,3,1050,11.251573687764477
7950,75,76382,Petrol,110,1,0,1600,3,1055,11.243515437305897
8500,76,76268,Petrol,86,1,0,1300,3,1015,11.242021843757266
7490,73,76151,Petrol,86,1,0,1300,3,1015,11.240486621931142
8250,80,76000,Petrol,110,0,0,1600,3,1050,11.23850177707664
9250,71,76000,Petrol,110,1,0,1600,5,1070,11.23850177707664
7950,72,75840,Petrol,86,0,0,1300,5,1035,11.236394322495983
9500,77,75799,Petrol,110,1,0,1600,3,1050,11.235853571630463
8950,72,75525,Petrol,110,1,0,1600,3,1114,11.232232246816007
8450,78,75323,Petrol,86,1,0,1300,5,1050,11.229554088105532
7995,79,75322,Petrol,110,1,0,1600,4,1115,11.22954081203631
8750,78,75226,Petrol,110,0,0,1600,4,1035,11.22826548805077
5950,71,75085,Petrol,86,0,0,1300,5,1035,11.226389402265022
8500,73,75000,Petrol,110,0,0,1600,5,1075,11.225256725762893
8950,69,75000,Petrol,86,1,0,1300,4,1000,11.225256725762893
8750,69,75000,Petrol,86,1,0,1300,4,1000,11.225256725762893
7600,78,74926,Petrol,110,1,0,1600,5,1075,11.22426958518863
7145,80,74785,Petrol,110,1,0,1600,5,1070,11.222385980669468
8450,69,74573,Petrol,110,1,0,1600,5,1085,11.219547199973567
5950,75,74567,Petrol,86,1,0,1300,3,1015,11.219466739740993
9000,80,74196,Petrol,110,0,0,1600,5,1075,11.214478997071259
7250,80,74151,Petrol,110,1,0,1600,3,1050,11.21387231955567
7400,75,74096,Petrol,110,1,0,1600,3,1050,11.213130324634646
8800,79,74093,Petrol,110,1,0,1600,5,1075,11.213089836345878
7750,71,74000,Petrol,110,0,0,1600,3,1050,11.211833885608513
7500,75,74000,Petrol,86,1,0,1300,3,1015,11.211833885608513
8450,78,73638,Petrol,86,1,1,1300,4,1015,11.206930055678495
7400,75,73460,Petrol,110,1,0,1600,5,1070,11.204509932131534
7500,80,73200,Petrol,110,1,0,1600,5,1070,11.200964361058276
8950,76,73116,Petrol,110,1,0,1600,5,1075,11.199816176839953
8950,70,73014,Petrol,110,1,0,1600,5,1075,11.198420178474572
7950,77,72703,Petrol,110,1,0,1600,3,1050,11.194151682640769
7950,79,72328,Petrol,110,1,0,1600,5,1075,11.18898043422584
7950,78,72222,Petrol,110,1,0,1600,5,1070,11.187513833708381
8950,71,72128,Petrol,107,1,1,1600,5,1100,11.186211461544689
7750,78,72090,Petrol,110,1,0,1600,5,1070,11.185684488851868
8250,78,72000,Petrol,110,1,0,1600,4,1035,11.184435286790631
7950,78,72000,Petrol,110,0,0,1600,3,1055,11.184435286790631
7750,77,71900,Petrol,86,1,0,1300,3,1015,11.183045451818261
8500,77,71825,Petrol,110,0,0,1600,5,1075,11.182001806479425
6950,80,71740,Petrol,110,1,0,1600,5,1070,11.180817690214102
7500,80,71500,Petrol,110,1,0,1600,4,1035,11.177466714598282
7750,79,71359,Petrol,110,1,0,1600,3,1050,11.17549276725389
5950,79,71263,Petrol,86,0,0,1300,3,1015,11.174146570057093
7500,78,71186,Petrol,110,0,0,1600,3,1050,11.173065496459866
8950,72,71054,Petrol,86,0,1,1300,3,1045,11.171209504025962
7950,76,71000,Petrol,110,1,0,1600,3,1050,11.170449240431308
6900,80,70939,Petrol,110,1,1,1600,5,1100,11.169589728327614
7450,77,70932,Petrol,110,1,0,1600,3,1050,11.169491048522355
8500,80,70597,Petrol,107,1,1,1600,3,1080,11.164757094468174
7500,73,70482,Petrol,110,1,0,1600,5,1075,11.163126824970929
8750,77,70124,Petrol,110,1,0,1600,3,1050,11.158034642824997
7500,76,70039,Petrol,110,1,0,1600,3,1050,11.156821786399789
9950,80,69904,Petrol,110,0,0,1600,5,1070,11.154892456421925
7950,75,69388,Petrol,86,0,0,1300,3,1010,11.147483632491292
9950,75,69320,Petrol,110,1,0,1600,5,1070,11.146503169576617
9250,78,69000,Petrol,110,1,0,1600,5,1075,11.141876276228
9250,73,68988,Petrol,86,1,0,1300,5,1035,11.141702350580776
9950,79,68945,Petrol,110,1,0,1600,5,1085,11.141078868485689
5950,74,68285,Petrol,110,1,0,1600,3,1050,11.131460046509945
7995,76,68000,Petrol,110,1,0,1600,5,1075,11.127277689932466
8950,70,68000,Petrol,86,1,1,1300,3,1045,11.127277689932466
7450,75,67451,Petrol,86,1,0,1300,4,1000,11.119171512790075
8250,76,67266,Petrol,86,1,0,1300,5,1035,11.116425053622645
8500,78,67255,Petrol,110,0,0,1600,5,1085,11.116261512815132
8500,70,67100,Petrol,110,1,0,1600,5,1075,11.11395422597838
9400,69,67092,Diesel,72,1,0,2000,3,1115,11.113834995610263
7250,80,66880,Petrol,110,1,0,1600,3,1055,11.11067019979991
8950,79,66855,Petrol,110,1,0,1600,5,1075,11.110296331681273
9450,80,66843,Petrol,110,1,0,1600,5,1075,11.110116825323272
8500,74,66718,Petrol,110,1,0,1600,3,1050,11.108245048910714
6750,80,66168,Petrol,86,1,0,1300,3,1015,11.099967354303123
7400,80,65950,Petrol,110,0,0,1600,5,1070,11.096667321032777
8950,78,65500,Petrol,86,1,0,1300,3,1015,11.089820688682373
6900,80,65307,Petrol,110,1,0,1600,3,1055,11.086869819246054
7750,79,65254,Petrol,86,1,0,1300,3,1015,11.086057950601628
8950,71,65021,Diesel,72,1,0,2000,3,1115,11.08248095315105
6950,75,65006,Petrol,86,1,0,1300,3,1015,11.082250235387066
8495,77,64280,Petrol,110,0,0,1600,4,1035,11.071019376668836
10000,75,64000,Petrol,107,0,1,1600,3,1085,11.06665398721974
6999,71,64000,Petrol,110,1,0,1600,5,1070,11.06665398721974
8950,80,64000,Petrol,110,0,0,1600,3,1055,11.06665398721974
8500,79,63918,Petrol,110,0,0,1600,4,1035,11.065371935762084
8750,75,63634,Petrol,110,1,0,1600,4,1035,11.060918912426148
7499,80,63500,Petrol,110,1,0,1600,3,1050,11.05881093278828
9000,80,63266,Petrol,110,1,0,1600,4,1035,11.055119145179875
8950,77,62595,Petrol,110,1,0,1600,3,1050,11.044456657283062
6950,80,62581,Petrol,110,0,0,1600,5,1075,11.044232975804555
8500,77,62285,Petrol,110,1,0,1600,5,1075,11.0394919604213
8450,77,61906,Petrol,86,1,1,1300,5,1065,11.033388537900962
8950,74,61700,Petrol,110,0,0,1600,5,1070,11.03005541721757
8250,77,61648,Petrol,110,1,0,1600,5,1070,11.029212287860773
7950,75,61626,Petrol,86,0,0,1300,5,1035,11.028855365179414
7450,70,61510,Petrol,110,0,0,1600,4,1035,11.026971299589365
9000,79,61165,Petrol,107,1,1,1600,3,1080,11.021346758566695
7150,70,61000,Petrol,110,1,0,1600,4,1035,11.0186455364637
7750,76,60833,Petrol,110,1,0,1600,4,1035,11.015904122180634
5845,70,60600,Petrol,86,0,0,1300,3,1060,11.01206667357142
8500,72,60483,Petrol,110,1,0,1600,5,1075,11.01013414623256
8250,80,60476,Petrol,110,1,0,1600,5,1114,11.010018406448534
9450,79,60142,Petrol,110,0,0,1600,3,1050,11.004480338903296
6750,69,60050,Petrol,110,1,0,1600,3,1050,11.002949480158815
8400,77,60000,Petrol,110,1,0,1600,3,1050,11.002116507732017
7900,76,60000,Petrol,110,0,0,1600,3,1050,11.002116507732017
7950,76,59815,Petrol,110,1,0,1587,3,1055,10.999028462679751
8750,80,59326,Petrol,110,1,0,1600,5,1085,10.990819793335792
9900,73,59240,Petrol,110,1,0,1600,3,1050,10.98936914872542
6495,71,59164,Petrol,110,0,0,1600,4,1035,10.988085429818659
8250,70,59017,Petrol,107,1,1,1600,3,1080,10.985597761104732
6900,69,58952,Petrol,110,1,0,1600,3,1050,10.984495795255876
7500,74,58454,Petrol,86,1,0,1300,3,1015,10.976012506440918
7950,75,58341,Petrol,86,1,1,1300,4,1030,10.974077524630472
8250,80,58267,Petrol,110,1,0,1600,5,1070,10.97280833656884
8950,80,58000,Petrol,110,0,0,1600,3,1055,10.968215530759236
9750,70,57829,Petrol,110,0,0,1600,3,1050,10.965262951152264
8250,80,57787,Petrol,86,0,0,1300,3,1015,10.964536420649273
8900,78,57628,Petrol,110,0,0,1600,5,1075,10.96178119220659
8950,75,57537,Petrol,86,1,0,1300,5,1050,10.960200878072532
6750,76,57263,Petrol,110,1,0,1600,3,1050,10.955427433005807
7950,75,57144,Petrol,110,1,0,1600,5,1070,10.953347176331699
8600,69,57096,Petrol,86,1,0,1300,3,1025,10.952506854859305
7750,80,57000,Petrol,86,0,0,1300,4,1000,10.950824090522445
7800,73,56566,Petrol,110,1,0,1600,3,1050,10.943181055288761
8750,73,56307,Petrol,110,1,0,1600,3,1050,10.938591899947856
9500,79,56214,Petrol,86,0,0,1300,3,1015,10.93693890418386
7750,74,56132,Petrol,110,0,0,1600,4,1035,10.935479153862342
9950,79,55425,Petrol,110,0,0,1600,5,1075,10.92280407672139
7750,77,54439,Petrol,86,1,0,1300,3,1015,10.904854456765403
5950,69,53809,Petrol,110,1,0,1600,3,1050,10.893214602483466
10950,76,53133,Petrol,110,1,0,1600,5,1070,10.880572303642872
9450,77,52900,Petrol,110,1,0,1600,4,1075,10.876177521259402
8250,80,52700,Petrol,110,0,0,1600,3,1050,10.872389709681492
9750,69,52320,Petrol,110,0,0,1600,5,1070,10.865153099098274
7450,78,52287,Petrol,110,0,0,1600,5,1114,10.864522178219675
8750,75,52000,Petrol,110,0,0,1600,5,1075,10.859018228147887
8750,69,52000,Petrol,110,1,0,1600,3,1050,10.859018228147887
8500,73,52000,Petrol,110,1,1,1600,4,1065,10.859018228147887
8950,70,51874,Petrol,86,0,0,1300,4,1000,10.856592257533
7500,79,49827,Petrol,86,1,0,1300,5,1035,10.816332354005983
7250,69,49640,Petrol,110,1,0,1600,4,1035,10.812572384159955
7450,80,49580,Petrol,110,1,0,1600,4,1035,10.811362974808937
8750,76,49170,Petrol,86,0,0,1300,3,1045,10.80305929780341
9800,77,48838,Petrol,110,0,0,1600,3,1055,10.79628445299455
7500,71,48576,Petrol,86,1,0,1300,3,1015,10.790905446841167
8950,75,48400,Petrol,110,1,0,1600,5,1075,10.78727575364831
8950,74,48242,Petrol,86,1,0,1300,5,1035,10.784006018522135
7450,70,47955,Petrol,110,1,0,1600,5,1070,10.778039202827545
8950,71,47633,Petrol,110,1,0,1600,5,1075,10.771302070953169
10500,78,47400,Petrol,86,1,0,1300,5,1040,10.766398604507042
7000,73,47360,Petrol,86,0,0,1300,3,1010,10.765554384199836
8500,77,45507,Petrol,110,1,0,1600,3,1050,10.725643413659608
7750,76,45410,Petrol,86,1,0,1300,5,1035,10.723509645430674
8950,70,44850,Petrol,110,1,0,1600,3,1050,10.711101163782413
8250,69,44826,Petrol,110,0,0,1600,5,1075,10.71056591543671
9250,80,44444,Petrol,110,1,0,1600,3,1050,10.702007748675776
7900,75,43720,Petrol,110,1,0,1600,5,1070,10.685583814855978
8500,78,43622,Petrol,86,1,0,1300,4,1000,10.683339813181595
7950,76,43532,Petrol,110,0,0,1600,5,1070,10.681274550159202
9950,69,42800,Petrol,110,1,0,1600,3,1050,10.664316745782925
8750,74,42317,Petrol,107,1,1,1600,5,1100,10.652967806436234
7500,80,42186,Petrol,110,1,0,1600,3,1050,10.6498673956928
6950,72,42000,Petrol,110,1,0,1600,3,1050,10.645448706505872
8950,79,40093,Petrol,110,0,0,1600,5,1114,10.59898197616442
8750,79,39800,Petrol,107,0,1,1600,3,1080,10.591647316585027
7750,73,39168,Petrol,86,0,0,1300,3,1015,10.575640896591837
8450,75,38945,Petrol,110,1,0,1600,3,1050,10.569931350261523
8150,76,36537,Petrol,110,0,1,1600,4,1075,10.506108093896515
8500,78,36000,Petrol,86,0,1,1300,3,1045,10.491301994830229
7600,78,36000,Petrol,110,1,0,1600,3,1050,10.491301994830229
7950,80,35821,Petrol,86,0,1,1300,3,1015,10.486317508785204
7750,73,34717,Petrol,86,0,0,1300,3,1015,10.455013563428494
7950,80,34000,Petrol,86,1,0,1300,4,1000,10.434145214930487
9950,78,30964,Petrol,110,0,1,1600,3,1080,10.34061281337216
8950,71,29000,Petrol,86,1,1,1300,3,1045,10.275085591132715
8450,72,26000,Petrol,86,0,0,1300,3,1015,10.165890277802454
8950,78,24000,Petrol,86,1,1,1300,5,1065,10.085850775128717
8450,80,23000,Petrol,86,0,0,1300,3,1015,10.043292972227004
7500,69,20544,Petrol,86,1,0,1300,3,1025,9.93037288131751
10845,72,19000,Petrol,86,0,0,1300,3,1015,9.852246888342531
8500,71,17016,Petrol,86,0,0,1300,3,1015,9.741968123371437
7250,70,16916,Petrol,86,1,0,1300,3,1015,9.736074312475292
6950,76,1,Petrol,110,0,0,1600,5,1114,0.6931471805599453
